loop,command_execution,eval,get_post_request,encryption,hash,long_length_variable_name,condition,long_length_string,dynamic_function_call,binary_op_between_string,dynamic_variable_name,is_benign
0,0,1,0,0,0,0,0,0,0,2,1,0
0,0,0,1,0,0,0,0,0,2,5,0,0
0,0,0,1,0,0,0,0,0,2,0,0,0
0,0,0,1,0,0,0,0,0,2,0,0,0
0,0,0,1,0,0,0,0,0,2,0,0,0
0,0,0,1,0,0,0,0,0,2,0,0,0
0,0,0,1,0,0,0,0,0,2,0,0,0
0,0,0,1,0,0,0,0,0,1,0,0,0
0,0,0,1,0,0,0,0,0,1,0,0,0
0,0,0,1,0,0,0,0,0,1,0,0,0
0,0,0,2,1,0,0,0,0,2,0,0,0
0,0,0,2,1,0,0,0,0,2,0,0,0
0,0,0,1,0,0,0,0,0,2,0,0,0
0,0,0,2,0,0,0,0,0,1,0,0,0
0,0,0,4,0,0,0,0,0,3,0,0,0
0,0,0,1,0,0,0,0,0,1,0,0,0
0,0,0,2,0,0,0,0,0,1,0,0,0
0,0,0,16,1,0,0,0,0,9,0,0,0
0,0,0,1,0,0,0,0,0,1,6,0,0
0,0,0,0,0,0,0,0,0,1,10,1,0
0,0,0,2,0,0,0,0,0,1,0,0,0
0,0,1,1,1,3,0,3,4,9,2,0,0
0,0,1,1,1,3,0,3,4,9,2,0,0
0,0,1,0,1,0,0,0,1,2,0,0,0
2,2,0,46,1,0,12,47,28,84,45,0,0
0,1,0,0,0,0,0,0,2,2,0,0,0
13,6,2,132,8,1,2,146,281,446,410,0,0
20,2,0,42,0,0,86,117,64,221,124,0,0
1,5,0,10,0,0,4,58,55,80,37,0,0
1,5,0,10,0,0,4,58,55,80,37,0,0
2,0,0,0,0,0,15,9,5,34,60,0,0
0,0,1,0,1,0,0,0,3,6,0,0,0
16,5,1,155,2,1,39,193,76,270,132,0,0
0,0,0,9,0,0,0,11,9,10,13,0,0
0,0,0,9,0,0,4,21,12,17,20,0,0
0,0,0,9,0,0,4,21,12,17,20,0,0
0,0,0,9,0,0,0,11,9,10,13,0,0
2,0,1,12,1,0,4,12,13,49,12,0,0
0,0,0,1,0,0,0,0,0,3,2,1,0
0,0,0,1,0,0,0,0,0,3,1,1,0
0,0,0,1,0,0,0,0,0,3,2,1,0
0,0,0,1,0,0,0,0,0,1,1,0,0
0,0,0,1,0,0,0,0,1,2,0,0,0
0,0,0,1,0,0,0,0,0,1,0,0,0
0,0,0,0,0,0,0,0,0,0,0,0,0
0,0,0,0,0,0,0,0,0,0,0,0,0
0,0,0,1,0,0,0,0,0,2,1,0,0
0,0,0,0,0,0,0,0,0,0,0,0,0
0,0,1,0,1,0,0,0,1,4,0,0,0
0,0,1,0,1,0,0,0,1,4,0,0,0
0,0,1,0,1,0,0,0,2,2,1,0,0
0,0,0,0,0,0,0,0,0,0,0,0,0
2,2,0,0,0,1,28,13,16,37,25,0,0
2,2,0,0,0,1,28,13,16,37,25,0,0
27,7,1,221,3,11,79,338,325,1005,347,0,0
26,7,1,221,0,11,79,341,326,1000,349,0,0
2,5,0,2,0,0,6,16,11,59,15,0,0
0,1,0,8,0,2,0,3,4,25,17,0,0
0,0,0,0,0,0,0,1,0,5,0,1,0
0,0,0,0,0,0,0,1,6,5,14,0,0
0,0,1,0,0,0,0,0,2,0,0,0,0
0,0,0,0,0,0,0,0,1,0,0,0,0
0,0,1,0,0,0,0,0,1,1,0,0,0
5,5,0,9,0,0,5,45,9,79,16,0,0
0,0,0,1,0,0,0,0,0,1,0,0,0
0,0,0,1,0,1,0,0,0,8,1,0,0
0,0,0,0,0,0,0,0,0,20,0,0,0
0,0,0,4,0,1,0,3,0,22,0,0,0
0,0,0,1,0,0,0,0,0,1,0,0,0
0,0,0,0,0,0,0,0,4,8,0,0,0
0,4,1,8,0,2,17,20,34,47,30,0,0
0,4,1,8,0,2,17,20,34,47,30,0,0
0,0,0,0,0,0,0,0,0,0,0,0,0
0,0,1,0,1,0,0,0,1,2,0,0,0
0,0,0,0,0,0,0,0,0,0,0,0,0
0,0,1,0,1,0,0,0,1,2,0,0,0
3,0,0,0,0,0,7,10,3,31,7,0,0
1,5,0,0,1,0,2,3,7,28,6,0,0
0,0,0,0,0,0,12,3,3,0,6,0,0
0,1,0,2,0,0,0,1,0,1,0,0,0
1,5,0,10,0,0,4,58,55,80,37,0,0
0,0,0,4,0,0,2,3,32,15,4,0,0
0,0,1,0,1,0,0,0,2,2,0,0,0
1,0,0,0,0,0,0,2,7,8,10,0,0
8,0,0,7,0,0,5,27,70,115,100,0,0
2,0,1,12,1,0,4,12,13,49,12,0,0
20,5,1,65,0,1,135,416,152,606,193,0,0
8,7,1,94,3,4,5,128,131,247,180,0,0
8,7,1,94,3,4,5,128,131,247,180,0,0
8,7,1,94,3,4,5,128,131,247,180,0,0
0,5,0,6,0,0,4,6,3,28,10,0,0
3,4,1,68,2,0,61,133,125,361,228,1,0
5,0,0,16,0,0,3,14,5,37,8,0,0
5,0,0,16,0,0,3,14,5,37,8,0,0
5,0,0,16,0,0,3,14,5,37,8,0,0
3,3,0,4,0,0,21,68,14,85,25,0,0
3,3,0,4,0,0,21,68,14,85,25,0,0
0,1,0,2,0,0,0,1,0,2,0,0,0
3,0,0,0,0,0,4,17,6,37,20,0,0
2,0,1,1,0,0,0,3,1,17,0,1,0
0,0,0,1,0,0,0,0,0,2,1,0,0
0,0,1,0,1,0,0,0,1,2,0,0,0
3,0,0,0,0,0,4,17,6,37,20,0,0
16,6,1,81,1,3,0,73,187,195,191,0,0
0,0,0,0,0,0,0,0,0,0,0,0,0
0,0,0,0,0,0,0,0,0,0,0,0,0
0,0,0,0,0,0,0,6,1,16,0,0,0
0,1,0,1,0,0,0,0,0,0,0,0,0
1,0,0,0,0,0,12,0,8,13,8,0,0
0,0,0,0,0,0,0,0,0,0,0,0,0
0,0,0,0,0,0,0,0,0,0,0,0,0
0,9,3,32,0,2,20,68,52,91,68,0,0
0,9,3,32,0,2,20,68,52,91,68,0,0
1,1,0,1,0,0,4,2,1,12,1,0,0
1,1,0,1,0,0,4,2,1,12,1,0,0
1,1,0,1,0,0,4,2,1,12,1,0,0
0,0,1,0,1,0,0,0,1,2,0,0,0
0,0,0,0,0,0,0,0,0,0,0,0,0
0,0,0,0,0,0,0,0,0,0,0,0,0
0,0,1,0,1,0,0,0,1,2,1,0,0
4,4,1,63,0,4,13,57,63,118,108,0,0
6,5,0,50,4,1,17,67,30,136,70,0,0
0,0,0,0,0,0,0,0,0,0,0,0,0
0,0,0,0,0,0,0,0,0,0,0,0,0
1,0,0,10,0,0,0,7,10,13,15,0,0
22,6,2,140,1,0,93,157,137,415,355,0,0
0,0,0,50,0,0,9,14,30,42,23,0,0
0,0,0,50,0,0,9,14,30,42,23,0,0
2,4,0,34,0,1,3,52,128,109,142,0,0
2,4,0,34,0,1,3,52,128,109,142,0,0
2,1,0,16,0,0,0,25,11,28,30,0,0
16,3,0,4,0,0,55,131,76,237,85,2,0
16,3,0,4,0,0,55,131,76,237,85,2,0
2,2,0,0,0,0,14,23,7,29,12,0,0
2,2,0,0,0,0,14,23,7,29,12,0,0
0,0,0,0,0,0,0,0,0,0,0,0,0
0,1,0,1,0,0,0,0,0,1,0,0,0
1,0,0,36,0,0,0,37,37,39,31,0,0
0,0,1,0,0,0,33,0,2,2,0,0,0
1,0,0,10,0,0,0,7,10,18,11,0,0
0,0,0,0,0,0,0,0,0,0,0,0,0
0,0,0,0,0,0,0,0,0,0,0,0,0
0,0,0,0,0,0,0,0,0,0,0,0,0
0,0,0,0,0,0,0,0,0,0,0,0,0
0,0,1,0,1,0,0,0,1,2,0,0,0
0,0,0,0,0,0,0,0,0,0,0,0,0
0,0,0,0,0,0,0,0,0,0,0,0,0
0,0,0,0,0,0,0,0,0,0,0,0,0
0,0,0,0,0,0,0,0,0,0,0,0,0
0,0,0,1,0,0,0,4,12,5,1,0,0
0,0,0,1,0,0,0,4,12,5,1,0,0
0,0,0,0,1,0,0,0,0,2,1,1,0
0,0,0,0,0,0,0,0,0,1,0,2,0
0,0,1,0,0,0,0,0,1,1,0,0,0
24,5,3,252,1,19,48,217,323,578,381,0,0
0,0,0,0,0,0,0,0,0,0,0,0,0
1,0,0,0,0,2,0,2,2,14,3,0,0
0,0,0,1,0,0,0,0,0,1,0,0,0
0,0,0,6,0,0,0,7,6,12,15,0,0
16,3,0,4,0,0,55,131,77,237,85,2,0
0,0,0,0,0,0,0,0,0,0,0,0,0
0,1,0,0,0,0,0,0,0,1,2,0,0
1,0,0,0,0,0,7,19,7,44,0,0,0
0,1,0,1,1,0,7,3,2,4,1,0,0
0,0,1,0,1,0,0,0,2,3,0,0,0
0,0,1,0,0,0,0,0,0,0,2,1,0
0,0,0,0,0,0,0,0,0,1,0,0,0
0,0,0,4,0,0,0,2,2,1,3,0,0
44,5,1,338,0,2,49,505,225,1064,271,0,0
5,0,0,19,0,0,6,18,7,40,8,0,0
2,2,0,0,0,0,14,23,7,29,12,0,0
0,0,1,0,0,0,0,0,2,2,0,1,0
0,0,0,0,0,0,0,0,0,1,11,1,0
0,0,0,0,0,0,0,0,0,1,2,1,0
16,3,0,4,0,0,55,131,77,237,85,2,0
1,0,0,8,0,0,0,12,31,35,17,0,0
0,0,0,3,0,0,0,3,2,2,0,0,0
0,0,0,0,0,0,1,6,5,6,12,0,0
0,0,0,3,0,0,0,3,2,2,0,0,0
0,0,0,0,0,0,2,4,4,2,18,0,0
3,0,0,13,0,0,0,3,4,13,16,0,0
7,5,1,54,4,3,14,83,118,313,77,0,0
0,0,1,0,1,0,0,0,1,2,1,0,0
20,9,0,156,0,9,54,177,380,565,361,0,0
0,1,0,3,0,0,0,2,0,3,1,0,0
2,2,0,46,1,0,12,47,28,84,45,0,0
2,2,0,46,1,0,12,47,28,84,45,0,0
0,0,1,0,0,0,0,0,1,1,0,0,0
3,4,0,29,0,0,22,49,19,98,19,0,0
30,5,1,337,3,2,51,277,399,671,686,0,0
30,5,1,336,3,0,49,276,447,665,676,0,0
23,6,2,398,2,2,86,322,457,921,860,0,0
1,5,0,0,1,0,0,7,9,29,6,0,0
0,0,1,0,1,0,0,0,2,1,0,0,0
0,0,0,0,0,0,0,0,0,0,0,0,0
0,1,0,2,0,0,2,7,5,9,0,0,0
0,0,0,5,0,0,0,1,6,2,5,0,0
0,0,0,0,0,0,0,0,0,0,0,0,0
0,0,0,4,0,0,6,15,18,21,14,0,0
0,0,0,4,0,0,6,15,18,21,14,0,0
0,0,0,4,0,0,6,15,18,21,14,0,0
1,0,0,10,0,0,3,14,5,45,14,0,0
3,5,0,21,0,3,16,24,3,65,15,0,0
0,0,1,0,1,0,0,0,3,4,0,0,0
0,0,0,0,0,0,0,0,0,0,0,0,0
0,0,0,0,0,0,0,0,0,0,0,0,0
0,0,0,0,0,0,0,0,0,0,0,0,0
0,1,0,2,0,0,0,1,0,1,0,0,0
0,1,0,3,0,0,0,2,0,3,1,0,0
0,0,0,0,0,0,0,0,0,0,0,0,0
0,1,0,2,0,0,0,1,0,1,0,0,0
0,1,0,2,0,0,0,1,0,1,0,0,0
5,0,0,16,0,0,3,14,5,37,8,0,0
5,0,0,16,0,0,3,14,5,37,8,0,0
5,0,0,16,0,0,3,14,5,37,8,0,0
0,0,0,0,0,0,2,0,0,2,0,0,0
0,0,0,0,0,0,2,0,0,2,0,0,0
0,0,0,0,0,0,2,0,0,2,0,0,0
0,0,0,0,0,0,2,0,0,2,0,0,0
0,0,1,0,1,0,1,0,2,1,1,0,0
1,5,0,10,0,0,4,58,55,82,37,0,0
4,0,0,9,0,0,6,22,24,46,24,0,0
1,6,1,21,0,0,4,23,15,92,32,0,0
1,6,1,21,0,0,4,23,15,92,32,0,0
0,0,0,0,0,0,0,0,12,4,0,0,0
0,0,1,0,1,0,0,0,1,2,0,0,0
0,0,1,0,0,0,0,0,3,2,0,0,0
3,6,0,8,0,0,0,27,26,113,36,0,0
0,0,1,2,0,0,0,0,0,4,0,2,0
0,0,0,0,0,0,0,0,13,4,0,0,0
3,0,1,0,1,2,0,5,2,30,0,0,0
1,0,0,0,0,0,0,2,8,8,2,0,0
0,0,0,0,0,0,0,0,0,0,0,0,0
0,0,0,0,0,0,0,0,0,0,0,0,0
0,0,0,1,0,0,0,3,4,1,1,0,0
0,0,0,0,0,0,0,3,2,12,2,0,0
2,0,0,7,0,0,0,12,13,17,5,0,0
23,1,0,222,0,1,0,133,116,364,180,0,0
23,1,0,222,0,1,0,133,116,364,180,0,0
0,0,0,0,0,0,1,0,2,1,0,0,0
0,0,0,0,0,0,0,0,0,0,0,0,0
0,0,0,0,0,0,0,0,0,36,0,0,0
0,0,0,0,0,0,0,0,0,1,1,2,0
12,4,0,35,0,0,30,70,84,126,109,0,0
0,0,0,12,0,0,10,5,2,4,0,0,0
0,3,0,0,0,0,0,1,21,3,6,0,0
0,3,0,0,0,0,0,1,21,3,6,0,0
0,0,0,4,0,1,0,3,3,4,1,0,0
0,1,0,4,0,0,0,2,0,3,1,0,0
0,5,0,4,0,0,10,6,20,7,18,0,0
0,5,0,4,0,0,10,6,20,7,18,0,0
0,5,0,4,0,0,10,6,20,7,18,0,0
0,0,0,0,0,0,3,0,1,1,0,0,0
1,0,1,0,0,0,29,3,5,13,0,0,0
24,5,3,252,1,19,48,217,306,579,382,0,0
33,5,4,269,2,38,53,252,517,633,810,0,0
0,0,0,0,0,0,0,0,1,1,0,0,0
4,2,0,15,0,0,27,36,2,70,9,0,0
0,0,0,0,0,0,0,0,0,1,7,1,0
0,0,1,0,1,0,0,0,2,1,1,0,0
0,0,0,0,0,0,0,0,2,0,0,0,0
2,0,0,4,0,0,15,11,2,47,21,0,0
0,0,0,0,0,0,2,0,0,2,0,0,0
0,0,0,0,0,0,2,0,0,2,0,0,0
0,0,1,0,0,0,0,1,0,3,0,1,0
0,0,1,0,0,0,0,1,0,3,0,1,0
0,0,1,1,1,0,0,1,0,1,0,0,0
0,0,0,0,0,0,0,0,0,0,0,0,0
0,0,0,0,0,0,0,0,0,0,0,0,0
0,0,0,1,0,0,0,0,0,1,0,0,0
0,0,0,1,1,0,0,0,0,2,0,0,0
0,0,0,0,0,0,0,0,1,2,0,0,0
0,0,1,0,1,0,0,0,0,1,0,0,0
0,0,1,1,0,0,0,0,0,0,0,0,0
39,6,3,277,3,0,47,279,317,906,492,0,0
0,0,1,0,0,0,0,0,1,1,0,0,0
0,0,0,2,1,0,0,1,51,8,41,0,0
0,0,0,1,0,0,0,3,0,2,3,0,0
0,0,0,0,0,0,0,0,0,0,0,0,0
0,0,1,2,0,1,0,1,1,1,1,0,0
0,0,0,0,0,0,0,0,0,0,0,0,0
0,0,0,2,0,0,0,1,0,1,0,0,0
0,0,0,0,0,0,0,0,0,6,0,0,1
0,0,0,0,0,0,0,0,0,0,0,0,1
0,0,0,0,0,0,0,0,0,0,0,0,1
0,0,0,0,0,0,0,0,0,0,0,0,1
0,0,0,0,0,0,0,0,0,0,0,0,1
0,0,0,0,0,0,0,0,0,0,0,0,1
0,0,0,0,0,0,0,0,0,0,0,0,1
0,0,0,0,0,0,0,0,0,0,0,0,1
0,0,0,0,0,0,7,4,0,6,4,0,1
0,0,0,0,0,0,0,0,0,0,0,0,1
0,0,0,0,1,0,20,5,9,18,4,0,1
0,0,0,0,0,0,5,1,0,3,0,0,1
0,0,0,0,0,0,8,10,8,14,1,0,1
0,0,0,0,0,0,16,7,1,14,2,0,1
0,0,0,0,0,0,0,9,2,5,0,0,1
0,0,0,0,0,0,5,14,1,12,3,0,1
0,0,0,0,0,0,26,1,18,0,1,0,1
0,0,0,0,0,0,2,3,3,5,4,0,1
0,0,0,0,0,0,3,5,3,9,3,0,1
0,0,0,0,0,0,20,0,7,3,0,0,1
0,0,0,0,0,0,0,0,0,0,0,0,1
0,0,0,0,0,0,3,11,0,3,1,0,1
0,0,0,0,0,0,40,0,7,0,3,0,1
0,0,0,0,0,0,0,0,0,0,1,0,1
0,0,0,0,0,0,0,1,7,0,0,0,1
0,0,0,0,0,0,0,19,13,11,0,0,1
0,0,0,0,0,0,10,0,1,0,0,0,1
0,0,0,0,0,0,7,16,2,6,0,0,1
0,0,0,0,0,0,9,0,0,0,0,0,1
0,0,0,0,0,0,6,0,1,0,0,0,1
0,0,0,0,0,0,20,57,9,21,6,0,1
0,0,0,0,0,0,153,0,55,10,5,0,1
0,0,0,0,0,0,4,8,1,2,3,0,1
0,0,0,0,0,0,0,0,0,0,0,0,1
0,0,0,0,0,0,8,9,13,9,1,0,1
0,0,0,0,0,0,0,0,2,0,0,0,1
0,0,0,0,0,0,4,0,21,15,2,0,1
1,0,0,0,0,0,57,76,2,35,6,0,1
0,0,0,0,0,0,1,0,0,0,0,0,1
0,0,0,0,0,0,3,0,3,0,0,0,1
0,0,0,0,0,0,0,0,0,0,0,0,1
0,0,0,0,0,0,8,14,0,10,0,0,1
0,0,0,0,0,0,0,0,0,0,0,0,1
0,0,0,0,0,0,9,0,0,0,0,0,1
0,0,0,0,0,0,2,0,5,0,0,0,1
0,0,0,0,0,0,292,2,17,5,2,0,1
2,0,0,0,0,0,125,64,2,49,3,0,1
0,0,0,0,0,0,3,1,0,0,0,0,1
0,0,0,0,0,0,0,0,0,1,0,0,1
0,0,0,0,0,0,0,0,0,0,0,0,1
0,0,0,0,0,0,0,0,0,0,0,0,1
0,0,0,0,0,0,0,0,0,0,0,0,1
0,0,0,0,0,0,0,0,0,0,0,0,1
0,0,0,0,0,0,0,0,0,0,0,0,1
0,0,0,0,0,0,0,0,0,1,0,0,1
0,0,0,0,0,0,0,2,1,0,0,0,1
0,0,0,0,0,0,2,0,2,0,0,0,1
0,0,0,0,0,1,2,5,2,18,4,0,1
0,0,0,0,0,0,0,0,2,0,0,0,1
0,0,0,0,0,0,0,0,0,0,0,0,1
0,0,0,0,0,0,0,0,0,1,0,0,1
0,0,0,0,0,0,0,0,0,0,0,0,1
0,0,0,0,0,0,0,0,0,0,0,0,1
0,0,0,0,0,0,0,0,0,0,0,0,1
0,0,0,0,0,0,4,1,1,2,1,0,1
0,0,0,0,0,0,0,0,0,0,0,0,1
0,0,0,0,0,0,0,2,0,3,0,0,1
0,0,0,0,0,0,0,1,0,0,0,0,1
0,0,0,0,0,0,0,1,0,24,0,0,1
0,0,0,0,0,0,0,3,5,4,1,0,1
0,0,0,0,0,0,0,1,0,0,0,0,1
0,0,0,0,0,0,0,0,0,13,0,0,1
0,0,0,0,0,0,0,0,0,0,0,0,1
0,0,0,0,0,0,0,0,0,0,0,0,1
0,0,0,0,0,0,0,28,11,12,10,0,1
0,0,0,0,0,0,0,0,9,0,0,0,1
0,0,0,0,0,0,0,0,0,0,0,0,1
0,0,0,0,0,0,4,2,1,2,1,0,1
0,0,0,0,0,0,5,2,2,3,1,0,1
1,0,0,0,0,0,11,49,0,73,1,0,1
0,0,0,0,0,0,0,0,0,0,0,0,1
0,0,0,0,0,0,18,11,0,18,2,0,1
0,0,0,0,0,0,0,0,0,0,0,0,1
0,0,0,0,0,0,0,0,0,1,0,0,1
0,0,0,0,0,0,0,2,0,5,0,0,1
0,0,0,0,0,0,5,8,0,8,0,0,1
0,0,0,0,0,0,45,0,2,0,0,0,1
0,0,0,0,0,0,0,3,1,1,0,0,1
0,0,0,0,0,0,35,9,0,5,5,0,1
0,0,0,0,0,0,0,0,0,0,0,0,1
0,0,0,0,0,0,0,0,9,0,0,0,1
0,0,0,0,0,0,0,0,0,0,0,0,1
0,0,0,0,0,0,0,0,0,0,0,0,1
0,0,0,0,0,0,2,3,0,0,0,0,1
2,0,0,0,0,0,2,6,0,6,3,0,1
0,0,0,0,0,0,0,0,3,0,0,0,1
0,0,0,0,0,0,5,4,0,0,0,0,1
0,0,0,0,0,0,5,4,0,6,0,0,1
0,0,0,0,0,0,8,16,0,11,4,0,1
0,0,0,0,0,0,0,0,1,0,0,0,1
0,0,0,0,0,0,1,0,0,0,0,0,1
0,0,0,0,0,0,0,0,2,0,0,0,1
0,0,0,0,0,0,0,0,0,0,0,0,1
0,0,0,0,0,0,0,0,126,6,0,0,1
0,0,0,0,0,0,0,0,0,0,0,0,1
0,0,0,0,0,0,12,8,0,9,0,0,1
0,0,0,0,0,0,4,6,4,4,0,0,1
0,0,0,0,0,0,9,9,5,26,18,0,1
0,0,0,0,0,0,0,15,0,14,0,0,1
1,0,0,0,0,0,27,8,97,23,7,0,1
1,2,0,0,0,0,190,72,14,84,16,0,1
0,0,1,0,0,0,155,5,107,22,25,0,1
0,0,0,0,0,0,2,5,6,13,0,0,1
0,0,0,0,0,0,0,0,0,0,0,0,1
0,0,0,0,0,0,3,2,7,9,8,0,1
0,0,0,0,0,0,7,40,1,51,7,0,1
0,0,0,0,0,0,0,0,0,0,0,0,1
0,0,0,0,0,0,2,0,0,0,0,0,1
0,0,0,0,0,0,2,5,1,6,0,0,1
0,0,0,0,0,0,4,1,2,2,0,0,1
0,0,0,0,0,0,5,5,1,13,0,0,1
0,0,0,0,0,0,6,1,2,2,1,0,1
0,0,0,0,0,0,14,16,0,7,0,0,1
0,0,0,0,0,0,32,1,17,4,1,0,1
0,0,0,0,0,0,0,1,1,0,0,0,1
0,0,0,0,0,0,0,0,0,0,0,0,1
0,0,0,0,0,0,0,2,1,1,0,0,1
0,0,0,0,0,0,0,0,0,0,0,0,1
0,0,0,0,0,0,3,7,1,5,3,0,1
0,0,0,0,0,0,0,0,0,0,0,0,1
0,0,0,0,0,0,0,0,0,1,0,0,1
0,0,0,0,0,0,2,0,1,0,0,0,1
0,0,0,0,0,0,0,0,0,0,0,0,1
0,0,0,0,0,0,7,6,2,8,4,0,1
0,0,0,0,0,0,0,3,1,0,0,0,1
0,0,0,0,0,0,6,0,1,0,0,0,1
0,0,0,0,0,0,0,0,0,2,0,0,1
0,0,0,0,0,0,0,0,1,0,1,0,1
0,0,0,0,0,0,0,3,1,7,0,0,1
0,0,0,0,0,0,5,1,0,7,0,0,1
0,0,0,0,0,0,0,0,0,0,0,0,1
0,0,0,0,0,0,0,0,0,0,0,0,1
0,0,0,1,0,0,27,1,8,2,1,0,1
0,0,0,0,0,0,0,0,0,0,0,0,1
0,0,0,0,0,0,0,0,0,0,0,0,1
0,0,0,0,0,0,0,0,0,0,0,0,1
0,0,0,0,0,0,3,3,1,1,0,0,1
0,0,0,0,0,0,114,123,18,69,18,0,1
2,0,0,0,0,0,34,69,5,75,1,0,1
0,0,0,0,0,0,0,1,0,2,2,0,1
3,4,0,0,0,0,37,52,16,76,42,0,1
0,0,0,0,0,0,4,0,0,0,0,0,1
0,0,0,0,0,0,0,5,0,4,0,0,1
0,0,0,0,0,0,3,13,2,5,4,0,1
0,0,0,0,0,0,0,0,0,0,0,0,1
4,1,0,0,0,0,46,98,9,93,21,0,1
0,0,0,0,0,0,0,14,5,14,5,0,1
0,0,0,0,0,0,114,122,8,117,42,0,1
0,0,0,0,0,0,5,1,2,1,0,0,1
0,0,0,0,0,0,27,13,27,47,11,0,1
1,0,0,0,0,0,2,3,2,20,0,0,1
0,0,0,0,0,0,18,14,16,20,4,0,1
0,0,0,0,0,0,20,14,5,1,0,0,1
0,0,0,0,0,0,9,23,4,28,10,0,1
0,0,0,0,0,0,64,2,26,18,13,0,1
0,0,0,0,0,0,5,10,5,3,0,0,1
0,0,0,0,0,0,0,2,4,1,0,0,1
0,0,0,0,0,0,0,1,0,0,0,0,1
0,0,0,0,0,3,150,3,60,21,28,0,1
0,0,0,0,0,0,0,0,2,1,1,0,1
4,0,0,0,0,0,88,81,38,72,47,0,1
0,0,0,0,0,0,0,6,6,19,20,0,1
0,0,0,0,0,0,0,2,9,1,0,0,1
0,0,0,0,1,0,38,28,1,59,5,0,1
0,0,0,0,0,0,3,18,0,15,9,0,1
0,0,0,0,0,0,26,20,5,35,25,0,1
0,0,0,0,0,0,8,30,6,49,16,0,1
0,0,0,0,0,0,2,0,18,2,3,0,1
0,0,0,0,0,0,0,3,8,3,6,0,1
0,0,0,0,0,0,12,8,0,12,0,0,1
0,0,0,0,0,0,0,1,0,0,0,0,1
0,0,0,0,0,0,0,0,0,0,0,0,1
0,0,0,0,0,0,2,0,7,1,5,0,1
0,0,0,0,0,0,12,0,0,0,0,0,1
1,0,0,0,0,0,0,11,1,6,2,0,1
0,0,0,0,0,0,0,0,0,0,0,0,1
0,0,0,0,0,0,0,0,0,0,0,0,1
0,0,0,0,0,0,0,0,0,3,0,0,1
0,0,0,0,0,0,0,0,0,0,0,0,1
0,0,0,0,0,0,5,2,2,2,1,0,1
0,0,0,0,0,0,0,0,0,0,0,0,1
0,0,0,0,0,0,4,0,0,0,0,0,1
0,0,0,0,0,0,2,1,0,0,0,0,1
0,0,0,0,0,0,0,1,0,2,0,0,1
0,0,0,0,0,0,0,2,15,2,3,0,1
0,0,0,0,0,0,12,7,0,6,4,0,1
0,0,0,0,0,0,34,24,1,37,4,0,1
0,0,0,0,0,0,4,0,0,2,0,0,1
0,0,0,0,0,0,9,1,0,0,0,0,1
0,0,0,0,0,0,0,0,2,0,0,0,1
0,0,0,0,0,0,4,1,0,0,0,0,1
0,0,0,0,0,0,15,2,0,1,0,0,1
0,0,0,0,0,0,4,1,0,0,0,0,1
0,0,0,0,0,0,5,2,0,1,0,0,1
0,0,0,0,0,0,0,0,0,0,0,0,1
0,0,0,0,0,0,0,0,0,0,0,0,1
0,0,0,0,0,0,0,0,0,0,0,0,1
0,0,0,0,0,0,0,0,0,0,0,0,1
0,0,0,0,0,0,30,19,8,35,12,0,1
0,0,0,0,0,0,0,4,0,3,0,0,1
0,0,0,0,0,0,0,1,2,4,0,0,1
0,0,0,0,0,0,0,1,3,7,0,0,1
0,0,0,0,0,0,0,1,0,3,0,0,1
0,0,0,0,0,0,4,0,0,1,0,0,1
0,0,0,0,0,0,42,17,4,59,7,0,1
0,0,0,0,0,0,0,6,2,1,2,0,1
0,0,0,0,0,0,2,0,3,0,0,0,1
0,0,0,0,0,0,0,0,0,0,0,0,1
0,0,0,0,0,0,0,0,0,0,0,0,1
0,0,0,0,0,0,3,2,8,8,5,0,1
0,0,0,0,0,0,0,0,0,0,0,0,1
0,0,0,0,0,0,32,9,1,23,0,0,1
0,0,0,0,0,0,2,8,3,4,0,0,1
0,0,0,0,0,0,30,0,33,12,11,0,1
0,0,0,0,0,0,0,0,0,0,0,0,1
0,0,0,0,0,0,14,3,1,3,0,0,1
0,0,0,0,0,0,0,1,0,0,0,0,1
0,0,0,0,0,0,12,11,2,13,2,0,1
0,0,0,0,0,0,2,2,0,8,0,0,1
0,0,0,0,0,0,0,0,0,0,0,0,1
0,0,0,0,0,0,9,8,4,5,5,0,1
0,0,0,0,0,0,0,0,0,0,0,0,1
0,0,0,0,0,0,4,4,1,9,1,0,1
0,0,0,0,0,0,0,0,0,0,0,0,1
0,0,0,0,0,0,7,5,6,14,0,0,1
2,0,0,0,0,0,8,8,0,10,0,0,1
0,0,0,0,0,0,2,0,0,3,0,0,1
0,0,0,0,0,0,7,20,1,19,0,0,1
0,0,0,0,0,0,2,0,2,2,0,0,1
0,0,0,0,0,0,0,0,0,0,0,0,1
0,0,0,0,0,0,0,0,0,1,0,0,1
0,0,0,0,0,0,6,1,1,2,0,0,1
2,0,0,0,0,0,10,2,4,6,2,0,1
0,0,0,0,0,0,0,0,0,0,0,0,1
0,0,0,0,0,0,1,0,0,0,0,0,1
0,0,0,0,0,0,31,16,9,11,6,0,1
0,0,0,0,0,0,10,3,25,5,4,0,1
0,0,0,0,0,0,0,0,0,0,0,0,1
0,0,0,0,0,0,0,0,0,0,0,0,1
0,0,0,0,0,0,0,0,0,0,0,0,1
0,0,0,0,0,0,0,0,0,0,0,0,1
0,0,0,0,0,0,5,0,0,0,0,0,1
0,0,0,0,0,0,0,3,0,2,0,0,1
0,0,0,0,0,0,16,9,2,8,8,0,1
0,0,0,0,0,0,0,0,0,0,0,0,1
0,0,0,0,0,0,0,0,0,0,0,0,1
0,0,0,0,0,0,0,0,0,0,0,0,1
0,0,0,0,0,0,0,0,2,0,0,0,1
0,0,0,0,0,0,2,4,1,0,0,0,1
0,0,0,0,0,0,0,0,0,0,0,0,1
0,0,0,0,0,0,0,0,0,0,0,0,1
0,0,0,0,0,0,0,0,5,0,2,0,1
0,0,0,0,0,0,10,0,7,7,0,0,1
0,0,0,0,0,0,0,0,0,0,0,0,1
0,0,0,0,0,1,2,7,4,8,1,0,1
0,0,0,0,0,0,3,0,0,2,3,0,1
0,0,0,0,0,0,5,14,4,19,2,0,1
0,0,0,0,0,0,2,3,0,10,0,0,1
0,0,0,0,0,0,0,1,1,3,0,0,1
3,0,0,0,0,0,0,3,1,2,5,0,1
0,0,0,0,0,0,0,0,0,0,0,0,1
0,0,0,0,0,0,0,1,0,0,0,0,1
0,0,0,0,0,0,2,9,2,10,2,0,1
4,0,0,0,0,0,14,14,4,38,7,0,1
0,0,0,0,0,0,0,0,1,0,0,0,1
0,0,0,0,0,0,2,4,3,3,4,0,1
0,0,0,0,0,0,0,0,0,0,0,0,1
0,0,0,0,0,0,0,0,0,0,0,0,1
0,0,0,0,0,0,0,0,0,0,0,0,1
0,0,0,0,0,0,4,0,2,2,1,0,1
0,0,0,0,0,0,2,0,0,0,0,0,1
0,0,0,0,0,0,1,0,0,0,0,0,1
0,0,0,0,0,0,0,0,0,0,0,0,1
0,0,0,0,0,0,0,0,0,0,0,0,1
0,0,0,0,0,0,5,1,0,0,0,0,1
0,0,0,0,0,0,6,6,2,7,2,0,1
0,0,0,0,0,0,0,3,4,4,2,0,1
0,0,0,0,0,0,0,0,0,0,0,0,1
0,0,0,0,0,0,2,0,2,2,2,0,1
0,0,0,0,0,0,8,1,0,1,0,0,1
0,0,0,0,0,0,1,0,0,0,0,0,1
0,0,0,0,0,0,0,11,2,7,1,0,1
0,0,0,0,0,0,0,0,11,0,0,0,1
0,0,0,0,0,0,0,0,0,0,0,0,1
0,0,0,0,0,0,0,0,0,0,0,0,1
0,0,0,0,0,0,0,1,0,1,0,0,1
0,0,0,0,0,0,0,0,775,0,413,0,1
0,0,0,0,0,0,0,7,1,13,4,0,1
0,0,0,0,0,0,0,0,0,0,0,0,1
0,0,0,0,0,0,4,3,6,4,0,0,1
0,0,0,0,0,0,4,2,2,4,0,0,1
0,0,0,0,0,0,0,0,3,0,0,0,1
0,0,0,0,0,0,7,1,0,1,0,0,1
0,0,0,0,0,0,0,0,0,0,0,0,1
0,0,0,0,0,0,0,0,0,0,0,0,1
0,0,0,0,0,0,35,32,4,43,1,0,1
0,0,0,0,0,0,0,4,0,4,0,0,1
0,0,0,0,0,0,0,0,0,0,0,0,1
0,0,0,0,0,0,0,3,0,4,2,0,1
0,0,0,0,0,0,0,0,0,0,0,0,1
0,0,0,0,0,0,0,1,0,2,0,0,1
0,0,0,0,0,0,0,0,3,0,2,0,1
0,0,0,0,0,0,0,0,0,0,0,0,1
1,0,0,0,0,0,15,33,8,19,6,0,1
0,0,0,0,0,0,0,2,2,2,14,0,1
0,0,0,0,0,0,5,0,0,0,0,0,1
0,0,0,0,0,0,0,0,0,0,0,0,1
0,0,0,0,0,0,0,0,0,0,0,0,1
0,0,0,0,0,0,3,1,21,1,0,0,1
0,0,0,0,0,0,0,0,0,0,0,0,1
0,0,0,0,0,0,5,2,0,3,0,0,1
0,0,0,0,0,0,40,12,19,2,4,0,1
0,0,0,0,0,0,0,0,32,2,2,0,1
0,0,0,0,0,0,0,0,0,0,0,0,1
0,0,0,0,0,0,7,6,12,12,0,0,1
0,0,0,0,0,0,32,8,0,15,4,0,1
0,0,0,0,0,1,0,2,1,1,2,0,1
0,0,0,0,0,0,0,1,0,3,2,0,1
0,0,0,0,0,0,0,0,0,0,0,0,1
0,0,0,0,0,0,12,0,0,0,0,0,1
0,0,0,0,0,0,0,0,1,2,0,0,1
0,0,0,0,0,1,12,1,11,15,14,0,1
0,0,0,0,0,0,19,1,5,4,5,0,1
0,0,0,0,0,0,6,0,5,9,0,0,1
0,0,0,0,0,0,5,0,3,0,2,0,1
0,0,0,0,0,0,0,0,1,0,0,0,1
0,0,0,0,0,0,23,0,0,0,0,0,1
0,0,0,0,0,0,2,0,0,4,0,0,1
0,0,0,0,0,0,2,0,0,3,0,0,1
0,0,0,0,0,0,13,0,5,1,0,0,1
0,0,0,0,0,0,23,3,10,10,6,0,1
0,0,0,0,0,0,5,1,0,0,0,0,1
0,0,0,0,0,0,6,0,2,0,0,0,1
0,0,0,0,0,0,7,1,2,1,1,0,1
0,0,0,0,0,0,16,44,6,33,19,0,1
0,0,0,0,0,0,36,9,0,21,5,0,1
0,0,0,0,0,0,2,5,9,9,10,0,1
0,0,0,0,0,0,50,18,13,35,11,0,1
0,0,0,0,0,0,24,2,14,3,4,0,1
0,0,0,0,0,0,2,1,0,2,1,0,1
0,0,0,0,0,0,4,2,0,5,3,0,1
0,0,0,0,0,0,0,0,0,0,0,0,1
0,0,0,0,0,0,0,3,1,1,1,0,1
0,0,0,0,0,0,9,0,0,1,0,0,1
0,0,0,0,0,0,0,7,1,3,0,0,1
1,0,0,0,0,0,2,2,2,11,0,0,1
0,0,0,0,0,0,4,1,0,1,0,0,1
0,0,0,0,0,0,12,14,0,30,0,0,1
0,0,0,0,0,0,0,0,0,0,0,0,1
0,0,0,0,0,0,0,1,7,1,8,0,1
0,0,0,0,0,0,0,1,8,1,8,0,1
0,0,0,0,0,0,4,0,3,1,3,0,1
0,0,0,0,0,0,0,0,2,0,0,0,1
0,0,0,0,0,0,0,0,0,0,0,0,1
0,0,0,0,0,0,10,8,3,14,1,0,1
0,0,0,0,0,0,2,3,3,2,1,0,1
0,0,0,0,0,0,0,0,0,0,0,0,1
0,0,0,0,0,0,2,0,0,0,0,0,1
0,0,0,0,0,0,0,5,0,4,3,0,1
0,0,0,0,0,0,44,54,26,37,20,0,1
0,0,0,0,0,0,3,0,0,0,0,0,1
0,0,0,0,0,0,0,0,0,0,0,0,1
0,0,0,0,0,0,8,5,2,3,0,0,1
0,0,0,0,0,0,3,0,0,0,0,0,1
0,0,0,0,0,0,6,1,0,1,0,0,1
0,0,0,0,0,0,0,0,0,0,0,0,1
0,0,0,0,0,0,39,0,37,0,0,0,1
0,0,0,0,0,0,1,0,0,0,0,0,1
0,0,0,0,0,0,0,0,0,0,0,0,1
0,0,0,0,0,0,0,1,1,0,0,0,1
0,0,0,0,0,0,0,0,0,0,0,0,1
0,0,0,0,0,0,7,0,5,3,1,0,1
0,0,0,0,0,0,0,0,0,5,0,0,1
0,0,0,0,0,0,0,0,0,0,0,0,1
1,0,0,0,0,0,4,2,32,23,36,0,1
0,0,0,0,0,0,0,0,0,0,0,0,1
0,0,0,0,0,0,0,0,0,0,0,0,1
0,0,0,0,0,0,0,0,0,0,0,0,1
0,0,0,0,0,0,143,49,6,36,3,0,1
0,0,0,0,0,0,26,3,43,3,6,0,1
0,0,0,0,0,0,0,1,1,3,0,0,1
0,0,0,0,0,0,5,0,1,1,0,0,1
0,0,0,0,0,0,0,16,2,15,3,0,1
0,0,0,2,0,0,6,0,7,0,0,0,1
0,0,0,0,0,0,6,0,0,2,0,0,1
2,0,0,0,0,0,13,24,3,18,13,0,1
0,0,0,0,0,0,2,0,0,0,0,0,1
0,0,0,0,0,0,32,9,30,30,2,0,1
0,0,0,0,0,0,0,0,0,4,0,0,1
0,0,0,0,0,0,18,0,14,1,0,0,1
0,0,0,0,0,0,0,0,0,1,1,0,1
0,0,0,0,0,0,0,0,0,0,0,0,1
0,0,0,0,0,0,4,7,3,2,1,0,1
0,0,0,0,0,0,5,6,0,3,0,0,1
0,0,0,0,0,0,0,0,0,0,0,0,1
0,0,0,0,0,0,1,2,0,4,0,0,1
0,0,0,0,0,0,4,0,0,2,2,0,1
0,0,0,0,0,0,0,0,0,0,0,0,1
0,0,0,0,0,0,63,21,29,21,3,0,1
0,0,0,0,0,0,6,0,9,0,0,0,1
0,0,0,0,0,0,2,0,1,1,0,0,1
0,0,0,0,0,0,0,2,1,3,0,0,1
0,0,0,0,0,0,16,1,0,0,4,0,1
0,0,0,0,0,0,13,0,1,1,0,0,1
0,0,0,0,0,0,2,3,1,2,1,0,1
0,0,0,0,0,0,5,2,0,0,0,0,1
0,0,0,0,0,0,0,0,0,0,0,0,1
0,0,0,0,0,0,0,0,0,0,0,0,1
0,0,0,0,0,0,0,0,0,0,0,0,1
0,0,0,0,0,0,0,0,0,0,0,0,1
0,0,0,0,0,0,0,0,0,0,0,0,1
0,0,0,0,0,0,0,0,0,0,0,0,1
0,0,0,0,0,0,0,0,0,0,0,0,1
0,0,0,0,0,0,0,0,0,0,0,0,1
0,0,0,0,0,0,0,0,0,0,0,0,1
0,0,0,0,0,0,0,0,0,0,0,0,1
0,0,0,0,0,0,0,0,0,0,0,0,1
0,0,0,0,0,0,0,0,0,0,0,0,1
0,0,0,0,0,0,0,0,0,0,0,0,1
0,0,0,0,0,0,0,0,0,0,0,0,1
0,0,0,0,0,0,0,0,0,0,0,0,1
0,0,0,0,0,0,0,0,0,0,0,0,1
0,0,0,0,0,0,0,0,2,0,0,0,1
0,0,0,0,0,0,0,1,0,0,0,0,1
0,0,0,0,0,0,3,0,0,1,0,0,1
0,0,0,0,0,0,0,0,0,0,0,0,1
0,0,0,0,0,0,0,0,6,10,0,0,1
0,0,0,0,0,0,2,1,0,20,2,0,1
0,0,0,0,0,0,20,2,1,4,0,0,1
0,0,0,0,0,0,2,0,0,0,0,0,1
0,0,0,0,0,0,1,0,0,1,0,0,1
0,0,0,0,0,0,2,0,0,0,0,0,1
0,0,0,0,0,0,0,0,0,0,0,0,1
0,0,0,0,0,0,2,2,0,5,0,0,1
0,0,0,0,0,0,24,9,3,8,2,0,1
0,0,0,0,0,0,0,0,0,0,0,0,1
0,0,0,0,0,0,0,0,0,0,0,0,1
0,0,0,0,0,0,0,0,1,0,0,0,1
0,0,0,0,0,0,0,2,0,2,0,0,1
0,0,0,0,0,0,0,0,0,0,0,0,1
0,0,0,0,0,0,14,5,0,3,3,0,1
0,0,0,0,0,0,1,0,0,0,0,0,1
0,0,0,0,0,0,17,4,1,4,2,0,1
0,0,0,0,0,0,0,0,0,0,0,0,1
0,0,0,0,0,0,0,6,0,12,4,0,1
0,0,0,0,0,0,2,1,1,0,0,0,1
0,0,0,0,1,0,3,8,0,5,0,0,1
0,0,0,0,1,0,7,6,0,13,0,0,1
0,0,0,0,0,0,6,15,7,19,7,0,1
0,0,0,0,0,0,2,1,0,1,0,0,1
0,0,0,0,0,0,2,0,0,1,0,0,1
0,0,0,0,0,0,15,0,1,1,0,0,1
0,0,0,0,0,0,14,2,0,2,0,0,1
0,0,0,0,0,0,11,5,0,5,0,0,1
0,0,0,0,0,0,2,1,0,1,0,0,1
0,0,0,0,0,0,4,17,0,9,2,0,1
0,0,0,0,0,0,19,0,13,0,0,0,1
0,0,0,0,0,0,45,57,37,19,7,0,1
0,0,0,0,0,0,22,0,21,0,0,0,1
0,0,0,0,0,0,1,0,0,0,0,0,1
0,0,0,0,0,0,2,5,1,2,0,0,1
0,0,0,0,0,0,0,1,0,0,0,0,1
0,0,0,0,0,0,9,5,1,7,0,0,1
0,0,0,0,0,0,9,35,5,12,2,0,1
0,0,0,0,0,0,35,9,148,14,0,0,1
0,0,0,0,0,0,0,0,0,0,0,0,1
0,0,0,0,0,0,0,9,4,10,8,0,1
0,0,0,0,0,0,0,5,2,8,1,0,1
0,0,0,0,0,0,45,2,5,9,9,0,1
0,0,0,0,0,0,0,3,1,0,0,0,1
0,0,0,0,0,0,7,0,1,0,0,0,1
0,0,0,0,0,0,0,0,0,0,0,0,1
0,0,0,0,0,0,46,56,8,30,1,0,1
0,0,0,0,0,0,52,22,10,7,7,0,1
0,0,0,0,0,0,15,9,9,5,6,0,1
0,0,0,0,0,0,8,4,2,2,0,0,1
0,0,0,0,0,0,0,0,0,0,0,0,1
0,0,0,0,0,0,0,0,0,0,0,0,1
0,0,0,0,0,0,2,6,1,4,2,0,1
0,0,0,0,0,0,23,0,0,0,0,0,1
0,0,0,0,0,0,5,15,3,10,0,0,1
0,0,0,0,0,0,0,0,0,0,0,0,1
0,0,0,0,0,0,0,5,1,1,0,0,1
0,0,0,0,0,0,9,9,4,6,4,0,1
3,0,0,0,0,0,20,21,24,33,25,0,1
0,0,0,0,0,0,0,0,0,0,0,0,1
0,0,0,0,0,0,0,0,0,0,0,0,1
0,0,0,0,0,0,0,0,0,0,0,0,1
0,0,0,0,0,0,0,0,1,0,0,0,1
0,0,0,0,0,0,0,0,0,0,0,0,1
0,0,0,0,0,0,0,0,0,0,0,0,1
0,0,0,0,0,0,0,3,0,1,0,0,1
0,0,0,0,0,0,0,0,0,0,0,0,1
0,0,0,0,0,0,0,0,0,0,0,0,1
0,0,0,0,0,0,0,0,0,0,0,0,1
0,0,0,0,0,0,2,0,2,0,0,0,1
0,0,0,0,0,0,0,2,1,1,0,0,1
0,0,0,0,0,0,0,0,0,0,0,0,1
0,0,0,0,0,1,0,6,0,4,0,0,1
0,0,0,0,0,0,13,0,1,2,0,0,1
0,0,0,0,0,0,0,0,3,0,0,0,1
0,0,0,0,0,0,8,17,11,18,0,0,1
0,0,0,0,0,0,12,0,7,0,0,0,1
0,0,0,0,0,0,0,1,9,0,1,0,1
0,0,0,0,0,0,0,0,26,0,0,0,1
2,5,0,0,0,0,12,31,31,45,10,0,1
0,0,0,0,0,0,2,0,0,0,0,0,1
0,0,0,0,0,0,2,0,0,1,1,0,1
0,0,0,0,0,0,5,2,0,9,2,0,1
0,0,0,0,0,0,0,2,0,6,0,0,1
0,0,0,0,0,0,5,6,1,4,2,0,1
0,0,0,0,0,0,26,9,6,12,7,0,1
0,0,0,0,0,0,0,0,0,2,0,0,1
0,0,0,0,0,0,0,0,0,0,0,0,1
0,0,0,0,0,0,0,0,0,0,0,0,1
0,0,0,0,0,0,0,0,0,0,0,0,1
0,0,0,0,0,0,0,2,7,12,3,0,1
0,0,0,0,0,0,3,1,0,0,0,0,1
0,0,0,0,0,0,3,1,0,0,0,0,1
0,0,0,0,0,0,0,0,0,0,0,0,1
0,0,0,0,0,0,0,0,0,0,0,0,1
0,0,0,0,0,0,0,0,0,0,0,0,1
0,0,0,0,0,0,0,0,0,0,0,0,1
0,0,0,0,0,0,0,2,0,1,0,0,1
0,0,0,0,0,0,0,0,0,0,0,0,1
0,0,0,0,0,0,0,0,0,0,0,0,1
0,0,0,0,0,0,13,1,5,4,2,0,1
1,0,0,0,0,0,0,2,1,8,0,0,1
0,0,0,0,0,0,2,1,0,1,0,0,1
0,0,0,0,0,0,1,3,5,8,10,0,1
0,0,0,0,0,0,2,0,0,0,0,0,1
0,0,0,0,0,0,17,3,0,3,0,0,1
0,0,0,0,0,0,14,13,1,6,0,0,1
0,0,0,0,0,0,0,0,2,3,0,0,1
0,0,0,0,0,0,4,1,5,2,0,0,1
0,0,0,0,0,0,0,1,0,0,0,0,1
0,0,0,0,0,0,15,10,20,13,1,0,1
0,0,0,0,0,0,16,13,2,5,0,0,1
0,0,0,0,0,0,0,1,13,0,0,0,1
0,0,0,0,0,0,0,0,0,0,0,0,1
0,0,0,0,0,0,22,5,0,5,1,0,1
0,0,0,0,0,0,0,0,0,0,0,0,1
0,0,0,0,0,0,0,3,3,3,0,0,1
0,0,0,0,0,0,10,0,15,4,0,0,1
0,0,0,0,0,0,3,12,6,11,5,0,1
0,0,0,0,0,0,0,2,70,2,0,0,1
0,0,0,0,0,1,0,3,0,4,0,0,1
0,0,0,0,0,0,0,0,0,0,1,0,1
0,0,0,0,0,0,2,3,0,7,0,0,1
0,0,0,0,0,0,0,0,1,0,1,0,1
0,0,0,0,0,0,0,0,0,1,0,0,1
0,0,0,0,0,0,1,0,0,0,0,0,1
0,0,0,0,0,0,0,0,0,0,0,0,1
0,0,0,0,1,0,0,3,0,3,0,0,1
0,0,0,0,0,0,0,0,0,0,0,0,1
0,0,0,0,0,0,0,2,0,1,0,0,1
0,0,0,0,0,0,2,1,2,2,0,0,1
0,0,0,0,0,0,0,0,0,0,0,0,1
0,0,0,0,0,0,0,0,0,0,0,0,1
0,0,0,0,0,0,0,0,0,0,0,0,1
0,0,0,0,0,0,4,0,0,0,0,0,1
0,0,0,0,0,0,3,19,0,64,0,0,1
0,0,0,0,0,0,0,3,1,3,0,0,1
0,0,0,0,0,0,0,0,2,0,2,0,1
0,0,0,0,0,0,3,4,0,5,1,0,1
0,0,0,0,0,0,0,0,0,1,0,0,1
0,0,0,0,0,0,0,10,1,0,1,0,1
0,0,0,0,0,0,4,0,18,2,6,0,1
0,0,0,0,0,0,2,4,10,5,2,0,1
0,0,0,0,0,0,0,1,2,1,0,0,1
1,0,0,0,0,0,2,34,10,32,15,0,1
0,0,0,0,0,0,0,3,0,3,0,0,1
0,0,0,0,0,0,0,0,11,6,2,0,1
0,0,0,0,0,0,0,0,0,0,0,0,1
0,0,0,0,0,0,25,31,0,24,0,0,1
0,0,0,0,0,0,2,0,2,4,2,0,1
0,0,0,0,0,0,0,0,2,0,0,0,1
0,0,0,0,0,0,6,7,0,9,0,0,1
0,0,0,0,0,0,0,1,2,2,0,0,1
0,0,0,0,0,0,2,3,3,5,0,0,1
0,0,0,0,0,0,2,0,2,1,2,0,1
0,0,0,0,0,0,0,0,0,0,0,0,1
0,0,0,0,0,0,0,0,0,0,0,0,1
0,0,0,0,0,0,2,0,7,0,0,0,1
0,0,0,0,0,0,0,0,0,0,0,0,1
0,0,0,0,0,0,0,0,0,0,0,0,1
0,0,0,0,0,0,0,0,0,0,0,0,1
0,0,0,0,0,0,2,1,7,1,6,0,1
0,0,0,0,0,0,0,0,0,0,0,0,1
0,0,0,0,0,0,0,0,0,2,0,0,1
0,0,0,0,0,0,0,1,1,0,0,0,1
0,0,0,0,0,0,3,0,0,0,0,0,1
0,0,0,0,0,0,45,25,6,19,5,0,1
0,0,0,0,0,0,0,0,0,0,0,0,1
0,0,0,0,0,0,0,0,13,0,0,0,1
0,0,0,0,0,0,0,0,0,0,0,0,1
0,0,0,0,0,0,2,0,0,0,1,0,1
0,0,0,0,0,0,0,0,0,0,0,0,1
0,0,0,0,0,0,0,0,0,0,0,0,1
0,0,0,0,0,0,2,0,0,0,0,0,1
0,0,0,0,0,0,2,0,0,0,0,0,1
0,0,0,0,0,0,3,0,0,1,0,0,1
0,0,0,0,0,0,1,0,0,0,0,0,1
0,0,0,0,0,0,2,0,0,0,0,0,1
0,0,1,0,0,0,0,0,0,0,0,0,1
0,0,0,0,0,0,0,0,0,0,0,0,1
0,0,0,0,0,0,0,8,2,7,0,0,1
0,0,0,0,0,0,2,7,1,9,1,0,1
0,0,0,0,0,0,9,5,9,13,7,0,1
0,0,0,0,0,0,2,0,0,0,0,0,1
0,0,0,0,0,0,1,0,0,0,0,0,1
0,0,0,0,0,0,2,0,7,1,4,0,1
0,0,0,0,0,0,0,0,0,0,0,0,1
0,0,0,0,0,0,2,3,3,5,0,0,1
0,0,0,0,0,0,0,0,0,0,0,0,1
0,0,0,0,0,0,0,0,0,1,0,0,1
0,0,0,0,0,0,0,0,0,0,0,0,1
0,0,0,0,0,0,0,0,0,0,0,0,1
0,0,0,0,0,0,2,0,0,0,0,0,1
0,0,0,0,0,0,0,0,0,0,0,0,1
0,0,0,0,0,0,0,0,0,0,0,0,1
0,0,0,0,0,0,0,0,30,0,35,0,1
0,0,0,0,0,0,0,0,0,0,0,0,1
2,0,0,0,0,0,17,19,0,38,2,0,1
0,1,0,0,0,0,29,2,6,19,1,0,1
0,0,0,0,0,0,0,1,1,2,0,0,1
0,0,0,0,0,0,0,0,0,0,0,0,1
0,0,0,0,0,0,0,0,0,0,0,0,1
0,0,0,0,0,0,0,1,0,15,0,0,1
0,0,0,0,0,0,2,4,0,2,1,0,1
0,0,0,0,0,0,0,0,0,0,0,0,1
0,0,0,0,0,0,0,2,0,1,2,0,1
1,0,0,0,0,0,149,23,82,85,153,0,1
0,0,0,0,0,0,0,7,0,8,3,0,1
0,0,0,0,0,1,0,9,0,17,3,0,1
0,0,0,0,0,1,0,0,1,1,2,0,1
0,0,0,0,0,0,0,0,0,0,0,0,1
0,0,0,0,0,0,1,2,0,0,5,0,1
0,0,0,0,0,1,2,8,0,15,2,0,1
1,1,0,0,0,0,13,25,2,61,2,0,1
0,0,0,0,0,0,17,20,4,24,3,0,1
0,0,0,0,0,0,11,8,2,4,5,0,1
0,0,0,0,0,0,0,0,3,0,0,0,1
1,0,0,0,0,0,23,19,0,28,4,0,1
2,0,0,0,0,0,3,0,5,12,12,0,1
0,0,0,4,0,0,8,40,15,26,8,0,1
1,0,0,3,0,0,15,4,38,44,1,0,1
0,0,0,0,0,0,3,9,0,13,2,0,1
0,0,0,0,0,0,1,0,0,3,0,0,1
0,0,0,0,0,0,0,4,2,3,3,0,1
0,0,0,0,0,0,0,0,6,1,0,0,1
0,0,0,0,0,0,0,0,1,0,0,0,1
0,0,0,0,0,0,0,0,1,0,0,0,1
0,0,0,0,0,0,0,0,0,0,0,0,1
0,0,0,0,0,0,75,30,34,32,38,0,1
0,0,0,0,0,0,2,0,75,1,0,0,1
0,0,0,0,0,0,0,0,0,0,0,0,1
0,0,0,0,0,0,0,0,4,0,0,0,1
1,0,0,0,0,0,0,9,0,13,0,0,1
0,0,0,0,0,0,5,1,0,4,0,0,1
0,0,0,0,0,0,0,0,2,0,0,0,1
0,0,0,0,0,0,0,0,0,0,0,0,1
0,0,0,0,0,0,2,0,0,1,0,0,1
0,0,0,0,0,0,0,0,0,0,0,0,1
0,0,0,0,0,0,0,0,0,0,0,0,1
0,0,0,0,0,0,0,0,0,0,0,0,1
0,0,0,0,0,0,2,0,0,0,1,0,1
0,0,0,0,0,0,0,0,0,0,0,0,1
0,0,0,0,0,0,0,0,0,0,0,0,1
0,0,0,0,0,0,0,0,3,0,2,0,1
0,0,0,0,0,0,0,2,4,0,0,0,1
0,0,0,0,0,0,0,0,0,0,0,0,1
0,0,0,0,0,0,0,0,15,4,0,0,1
0,0,0,0,0,0,29,18,3,23,2,0,1
3,0,0,0,0,0,215,177,55,82,50,0,1
0,0,0,0,0,0,168,9,140,56,1,0,1
0,0,0,0,0,0,0,1,60,1,0,0,1
0,0,0,0,0,0,20,6,62,16,6,0,1
0,0,0,0,0,0,2,6,0,4,0,0,1
0,0,0,0,0,0,0,0,0,0,0,0,1
0,0,0,0,0,0,2,2,2,3,0,0,1
0,0,0,0,0,0,0,1,3,1,1,0,1
0,0,0,0,0,0,4,8,1,9,1,0,1
3,0,0,0,0,3,24,10,24,51,0,0,1
0,0,0,0,0,0,0,0,0,1,0,0,1
0,0,0,0,0,0,0,3,12,3,0,0,1
0,0,0,0,0,0,0,1,1,1,0,0,1
0,0,0,0,0,0,0,0,0,0,0,0,1
0,0,0,0,0,0,9,6,12,28,11,0,1
0,0,0,0,0,0,2,0,0,0,0,0,1
0,0,0,0,0,0,3,0,11,0,0,0,1
0,0,0,0,0,0,0,0,0,0,0,0,1
0,0,0,0,0,0,35,11,0,5,2,0,1
0,0,0,0,0,0,0,0,0,0,0,0,1
3,0,0,0,0,0,74,13,6,29,14,0,1
0,0,0,0,0,0,11,2,18,17,7,0,1
1,0,0,0,0,0,6,2,11,15,13,0,1
0,0,0,0,0,0,11,2,18,17,7,0,1
0,0,0,0,0,0,0,0,1,0,0,0,1
0,0,0,0,0,0,4,0,0,0,0,0,1
0,0,0,0,0,0,0,0,0,0,0,0,1
0,0,0,0,0,0,6,6,0,14,4,0,1
0,0,0,0,0,0,13,27,7,25,9,0,1
0,0,0,0,0,0,0,0,1,0,0,0,1
0,0,0,0,0,0,8,2,6,9,0,0,1
0,0,0,0,0,0,0,5,2,12,9,0,1
0,0,0,0,0,0,0,2,23,0,0,0,1
0,0,0,0,0,0,1,0,0,0,0,0,1
0,0,0,0,0,0,0,2,0,3,0,0,1
0,0,0,0,0,0,3,7,0,16,2,0,1
0,0,0,0,0,0,2,5,0,10,0,0,1
0,0,0,0,0,0,14,20,3,35,0,0,1
0,0,0,0,0,0,0,0,0,0,0,0,1
0,0,0,0,0,0,73,65,10,102,10,0,1
0,0,0,0,0,0,0,0,0,0,0,0,1
0,0,0,0,0,0,0,0,0,0,0,0,1
0,0,0,0,0,0,15,12,1,18,2,0,1
0,0,0,0,0,0,6,0,0,3,0,0,1
0,0,0,0,0,0,3,2,1,7,2,0,1
0,0,0,0,0,0,0,0,0,0,0,0,1
0,0,0,0,0,0,0,0,0,0,0,0,1
0,0,0,0,0,0,2,5,0,3,2,0,1
0,0,0,0,0,0,3,0,0,0,0,0,1
0,0,0,0,0,0,6,0,0,0,0,0,1
0,0,0,0,0,0,0,0,0,0,0,0,1
0,0,0,0,0,0,7,4,3,7,2,0,1
0,0,0,0,0,0,0,0,0,0,0,0,1
0,0,0,0,0,0,0,0,0,1,0,0,1
0,0,0,0,0,0,27,16,3,17,10,0,1
0,0,0,0,0,0,0,1,0,1,0,0,1
0,0,0,0,0,0,24,6,0,9,3,0,1
0,0,0,0,0,0,3,1,0,1,0,0,1
0,0,0,0,0,0,0,4,0,2,0,0,1
0,0,0,0,0,0,78,9,1,24,11,0,1
0,0,0,0,0,0,6,3,0,2,0,0,1
0,0,0,0,0,0,0,0,0,0,0,0,1
0,0,0,0,0,0,0,3,0,8,0,0,1
0,0,0,0,0,0,0,0,1,0,0,0,1
0,0,0,0,0,0,106,47,9,47,52,0,1
0,0,0,0,0,0,5,0,50,0,0,0,1
0,0,0,0,0,0,17,77,4,143,4,0,1
0,0,0,0,0,0,13,1,0,10,0,0,1
0,0,0,0,0,0,3,0,0,0,0,0,1
0,0,0,0,0,0,5,0,0,1,0,0,1
0,0,0,0,0,0,2,0,0,0,0,0,1
0,0,0,0,0,0,4,0,0,0,0,0,1
0,0,0,0,0,0,17,8,0,3,0,0,1
0,0,0,0,0,0,10,2,5,3,0,0,1
0,0,0,0,0,0,0,1,0,2,0,0,1
0,0,0,0,0,0,0,0,0,0,0,0,1
0,0,0,0,0,0,0,0,0,0,0,0,1
0,0,0,0,0,0,0,0,0,0,0,0,1
0,0,0,0,0,0,0,2,0,1,1,0,1
0,0,0,0,0,0,0,0,0,0,1,0,1
0,0,0,0,0,0,0,0,0,0,0,0,1
0,0,0,0,0,0,0,4,1,2,0,0,1
0,0,0,0,0,0,0,0,2,0,0,0,1
0,0,0,0,0,1,12,12,3,13,7,0,1
0,0,0,0,0,0,0,0,3,0,0,0,1
0,0,0,0,0,0,0,0,0,0,0,0,1
0,0,0,0,0,0,0,1,0,0,0,0,1
0,0,0,0,0,0,5,5,0,2,0,0,1
0,0,0,0,0,0,0,0,0,0,0,0,1
0,0,0,0,0,0,0,0,0,0,0,0,1
0,0,0,0,0,0,8,13,3,7,2,0,1
0,0,0,0,0,0,2,2,58,8,1,0,1
0,0,0,0,0,0,0,0,0,0,0,0,1
0,0,0,0,0,0,0,0,0,0,0,0,1
0,0,0,0,0,0,0,16,6,2,2,0,1
0,0,0,0,0,0,22,6,0,6,0,0,1
0,0,0,0,0,0,0,0,0,0,0,0,1
0,0,0,0,0,0,0,0,0,3,3,0,1
0,0,0,0,0,0,0,1,0,0,0,0,1
0,0,0,0,0,0,17,30,0,29,12,0,1
0,0,0,0,0,0,0,0,0,0,0,0,1
0,0,0,0,0,0,8,7,0,2,0,0,1
0,0,0,0,0,0,0,0,0,0,0,0,1
0,0,0,0,0,0,0,0,0,0,0,0,1
0,0,0,0,0,0,0,5,73,9,0,0,1
0,0,0,0,0,0,0,2,1,1,0,0,1
0,0,0,0,0,0,4,1,1,2,3,0,1
0,0,0,0,0,0,0,5,0,4,0,0,1
0,0,0,0,0,0,0,3,1,0,0,0,1
0,0,0,0,0,0,0,0,25,0,0,0,1
0,0,0,0,0,0,2,0,3,0,0,0,1
0,0,0,0,0,0,0,10,4,6,7,0,1
0,0,0,0,0,0,0,0,36,1,0,0,1
0,0,0,0,0,0,0,0,1,0,0,0,1
0,0,0,0,0,0,7,1,7,1,0,0,1
0,0,0,0,0,0,3,1,0,0,0,0,1
0,0,0,0,0,0,0,2,0,7,0,0,1
0,0,0,0,0,0,19,8,1,10,9,0,1
0,0,0,0,0,0,18,3,2,4,0,0,1
0,0,0,0,0,0,4,4,0,1,0,0,1
0,0,0,0,0,0,0,0,0,4,0,0,1
0,0,0,0,0,0,3,13,0,47,2,0,1
0,0,0,0,0,0,16,8,0,13,2,0,1
0,0,0,0,0,0,43,27,0,31,0,0,1
0,0,0,0,0,0,0,3,0,0,0,0,1
0,0,0,0,0,0,0,3,3,2,4,0,1
0,0,0,0,0,0,0,1,0,0,0,0,1
0,0,0,0,0,0,0,0,0,0,0,0,1
0,0,0,0,0,0,0,1,0,2,0,0,1
0,0,0,0,0,0,5,1,0,9,1,0,1
0,0,0,0,0,0,0,9,4,8,3,0,1
0,0,0,0,0,0,0,0,1,0,0,0,1
0,0,0,0,0,0,0,0,0,0,0,0,1
0,0,0,0,0,0,0,0,0,1,0,0,1
0,0,0,0,0,0,0,0,1,0,0,0,1
0,0,0,0,0,0,0,0,1,0,0,0,1
0,0,0,0,0,0,0,0,0,1,0,0,1
0,0,0,0,0,0,0,0,0,0,0,0,1
0,0,0,0,0,0,0,0,0,0,0,0,1
0,0,0,0,0,0,0,0,1,0,0,0,1
0,0,0,0,0,0,0,0,1,0,0,0,1
0,0,0,0,0,0,2,0,0,1,0,0,1
0,0,0,0,0,0,2,0,0,2,0,0,1
0,0,0,0,0,0,0,0,0,0,0,0,1
0,0,0,0,0,0,0,0,15,0,0,0,1
0,0,0,0,0,0,15,36,12,15,6,0,1
0,0,0,0,0,0,2,0,28,1,0,0,1
0,0,0,0,0,0,6,0,0,3,0,0,1
0,0,0,0,0,0,0,0,0,0,0,0,1
0,0,0,0,0,0,0,0,0,0,0,0,1
0,0,0,0,0,0,2,0,0,0,0,0,1
0,0,0,0,0,0,2,0,0,0,0,0,1
0,0,0,0,0,0,4,0,3,2,1,0,1
0,0,0,0,0,0,0,1,0,0,0,0,1
0,0,0,0,0,0,2,0,0,0,0,0,1
0,0,0,0,0,0,2,0,0,0,0,0,1
0,0,0,0,0,0,5,1,0,1,0,0,1
0,0,0,0,0,0,0,0,1,0,0,0,1
0,0,0,0,0,0,2,0,0,0,0,0,1
0,0,0,0,0,0,0,0,0,0,0,0,1
0,0,0,0,0,0,0,0,0,0,0,0,1
0,0,0,0,0,0,0,0,2,4,7,0,1
0,0,0,0,0,0,0,2,1,0,0,0,1
0,0,0,0,0,0,5,1,0,1,0,0,1
0,0,0,0,0,0,4,1,1,0,1,0,1
0,0,0,0,0,0,4,4,0,7,0,0,1
0,0,0,0,0,0,0,4,0,7,0,0,1
0,0,0,0,0,0,0,6,4,3,0,0,1
0,0,0,0,0,0,14,0,24,0,0,0,1
0,0,0,0,0,0,27,2,16,3,0,0,1
0,0,0,0,0,0,0,0,0,0,0,0,1
0,0,0,0,0,0,0,0,0,0,0,0,1
0,0,0,0,0,0,5,6,2,12,0,0,1
0,0,0,0,0,0,0,0,0,0,0,0,1
0,0,0,0,0,0,2,3,3,6,5,0,1
0,0,0,0,0,0,0,0,0,0,0,0,1
0,0,0,0,0,0,0,0,0,0,0,0,1
0,0,0,0,0,0,0,0,0,0,0,0,1
0,0,0,0,0,0,0,0,0,0,0,0,1
13,0,0,0,0,0,25,55,3,101,0,0,1
0,0,0,0,0,0,7,2,1,15,1,0,1
0,0,0,0,0,0,2,2,0,0,0,0,1
0,0,0,0,0,0,5,8,1,7,3,0,1
0,0,0,0,0,0,12,0,0,0,0,0,1
0,0,0,0,0,0,0,0,0,0,0,0,1
0,0,0,0,0,0,0,1,0,2,0,0,1
0,0,0,0,0,0,0,0,0,0,0,0,1
1,0,0,0,0,0,26,12,1,3,0,0,1
0,0,0,0,0,0,16,0,17,0,0,0,1
0,0,0,0,0,0,2,1,1,2,0,0,1
0,0,0,0,0,0,15,0,4,8,0,0,1
0,0,0,0,0,0,6,0,2,0,0,0,1
1,0,0,0,0,0,12,3,0,6,0,0,1
0,0,0,0,0,0,2,2,7,5,6,0,1
0,0,0,0,0,0,2,0,0,0,0,0,1
0,0,0,0,0,0,0,2,1,6,0,0,1
0,0,0,0,0,0,0,8,0,10,0,0,1
0,0,0,0,0,0,6,1,12,19,0,0,1
0,0,0,0,0,0,9,4,1,9,1,0,1
0,0,0,0,0,0,3,5,1,1,3,0,1
0,0,0,0,0,0,0,0,0,0,0,0,1
0,0,0,0,0,0,3,3,1,1,1,0,1
0,0,0,0,0,0,0,0,0,0,0,0,1
0,0,0,0,0,0,0,0,0,0,0,0,1
0,0,0,0,0,0,0,1,0,2,0,0,1
0,0,0,0,0,0,0,0,0,0,0,0,1
0,0,0,0,0,0,0,4,0,16,0,0,1
0,0,0,0,0,0,0,0,0,0,0,0,1
0,0,0,0,0,0,0,0,0,0,0,0,1
0,0,0,0,0,0,0,0,0,0,0,0,1
0,0,0,0,0,0,0,0,0,0,0,0,1
0,0,0,0,0,0,0,0,0,2,3,0,1
0,0,0,0,0,1,7,12,2,20,0,0,1
0,0,0,0,0,0,30,0,34,7,0,0,1
0,0,0,0,0,0,0,0,0,0,0,0,1
0,0,0,0,0,0,10,9,4,17,7,0,1
0,0,0,0,0,0,0,0,0,0,0,0,1
0,0,0,0,0,0,0,0,0,0,0,0,1
0,0,0,0,0,0,0,0,0,0,0,0,1
0,0,0,0,0,0,1,0,0,0,0,0,1
0,0,0,0,0,0,2,0,0,0,0,0,1
0,0,0,0,0,0,0,0,1,0,0,0,1
0,0,0,0,0,0,33,6,19,1,14,0,1
0,0,0,0,0,0,9,5,3,1,1,0,1
0,0,0,0,0,0,7,2,10,0,2,0,1
0,0,0,0,0,0,3,2,3,0,1,0,1
0,0,0,0,0,0,3,0,2,0,0,0,1
0,0,0,0,0,0,9,1,2,0,0,0,1
0,0,0,0,0,0,15,1,9,0,0,0,1
0,0,0,0,0,0,41,3,9,0,3,0,1
0,0,0,0,0,0,4,5,2,4,0,0,1
0,0,0,0,0,0,0,0,0,0,0,0,1
0,0,0,0,0,0,0,0,0,0,0,0,1
0,0,0,0,0,0,64,10,3,13,0,0,1
0,0,0,0,0,0,0,0,0,0,0,0,1
0,0,0,0,0,0,0,0,0,0,0,0,1
0,0,0,0,0,0,0,0,0,0,0,0,1
0,0,0,0,0,0,4,10,3,13,2,0,1
0,0,0,0,0,0,1,0,1,4,1,0,1
0,0,0,0,0,0,2,4,6,5,5,0,1
0,0,0,0,0,0,2,18,4,8,5,0,1
0,0,0,0,0,0,0,9,1,10,0,0,1
0,0,0,0,0,0,0,0,0,0,0,0,1
0,0,0,0,0,0,0,1,4,0,1,0,1
0,0,0,0,0,0,0,0,0,0,0,0,1
0,0,0,0,1,0,0,0,1,9,0,0,1
0,0,0,0,0,0,4,1,0,0,0,0,1
1,0,0,0,0,0,11,8,4,23,4,0,1
0,0,0,0,0,0,2,5,1,4,2,0,1
0,0,0,0,0,0,0,0,0,0,0,0,1
0,0,0,0,0,0,76,4,14,14,2,0,1
0,0,0,0,0,0,5,5,1,18,2,0,1
0,0,0,0,0,0,4,2,0,4,2,0,1
0,0,0,0,0,0,8,3,0,9,4,0,1
0,0,0,0,0,1,5,13,5,15,2,0,1
0,0,0,0,0,0,0,1,0,6,0,0,1
0,0,0,0,0,0,0,17,2,11,2,0,1
1,0,0,0,0,0,15,13,2,11,2,0,1
0,0,0,0,0,0,2,0,0,3,0,0,1
0,0,0,0,0,0,0,0,0,0,0,0,1
0,0,0,0,0,0,0,0,0,1,2,0,1
0,0,0,0,0,0,0,0,1,0,0,0,1
0,0,0,0,0,1,3,5,3,6,10,0,1
0,0,0,0,0,0,0,0,3,0,0,0,1
0,0,0,0,0,0,0,0,0,0,0,0,1
0,0,0,0,0,0,0,0,0,0,0,0,1
0,0,0,0,0,0,6,18,1,3,2,0,1
0,0,0,0,0,0,14,3,0,2,0,0,1
0,0,0,0,0,0,0,1,0,0,0,0,1
0,0,0,0,0,0,6,4,0,3,1,0,1
0,0,0,0,0,0,4,5,4,4,5,0,1
0,0,0,0,0,0,0,0,0,0,0,0,1
0,0,0,0,0,0,4,5,4,4,5,0,1
0,0,0,0,0,0,9,21,2,11,2,0,1
0,0,0,0,0,0,4,0,19,0,0,0,1
0,0,0,0,0,0,0,2,0,0,0,0,1
0,0,0,0,0,0,0,0,0,0,0,0,1
0,0,0,0,0,0,12,8,0,1,0,0,1
0,0,0,0,0,0,0,0,0,0,0,0,1
0,0,0,0,0,0,0,0,0,0,1,0,1
1,0,0,0,0,0,176,76,28,113,19,0,1
4,0,0,0,0,0,9,43,11,61,19,0,1
0,0,0,0,0,0,2,2,67,11,36,0,1
0,0,0,0,0,0,0,0,0,0,0,0,1
0,0,0,0,0,0,0,0,0,0,0,0,1
0,0,0,0,0,0,0,0,0,0,0,0,1
0,0,0,0,0,0,3,6,2,9,2,0,1
0,0,0,0,0,0,0,0,0,0,0,0,1
0,0,0,0,2,0,2,2,0,9,0,0,1
0,0,0,0,0,0,0,5,1,0,2,0,1
0,0,0,0,0,0,0,0,0,0,0,0,1
0,0,0,0,0,0,0,0,0,1,0,0,1
0,0,0,0,0,0,0,0,0,0,0,0,1
0,0,0,0,0,0,4,0,3,2,1,0,1
0,0,0,0,0,0,22,5,0,6,2,0,1
0,0,0,0,0,0,10,7,4,8,7,0,1
0,0,0,0,0,0,76,27,21,39,16,0,1
0,0,0,0,0,0,64,5,201,12,6,0,1
0,0,0,0,0,0,63,6,61,26,27,0,1
0,0,0,0,0,0,3,4,2,4,1,0,1
0,0,0,0,0,0,0,1,0,0,1,0,1
0,0,0,0,0,0,15,5,4,8,11,0,1
0,0,0,0,0,0,0,0,0,0,0,0,1
0,0,0,0,0,0,0,0,0,0,0,0,1
0,0,0,0,0,0,0,0,0,0,0,0,1
0,0,0,0,0,0,0,0,0,0,0,0,1
0,0,0,0,0,0,0,0,0,0,0,0,1
0,0,0,0,0,0,2,0,22,4,0,0,1
0,0,0,0,0,0,0,0,0,0,0,0,1
0,0,0,0,0,0,0,0,0,0,0,0,1
0,0,0,0,0,0,37,14,3,29,1,0,1
0,0,0,0,0,0,0,0,4,0,0,0,1
0,0,0,0,0,0,0,1,1,1,1,0,1
0,0,0,0,0,0,6,6,9,9,1,0,1
0,0,0,0,0,0,0,0,784,0,0,0,1
0,0,0,0,0,0,0,0,0,0,0,0,1
0,0,0,0,0,0,0,0,1,0,0,0,1
0,0,0,0,0,0,0,0,0,0,0,0,1
0,0,0,0,0,0,0,0,0,0,0,0,1
0,0,0,0,0,0,15,9,2,12,3,0,1
0,0,0,0,0,0,0,0,0,0,0,0,1
0,0,0,0,0,0,0,0,0,0,0,0,1
0,0,0,0,0,0,30,2,5,19,10,0,1
0,0,0,0,0,0,41,38,2,24,4,0,1
0,0,0,0,0,0,0,0,0,0,0,0,1
0,0,0,0,0,0,2,0,0,0,0,0,1
0,0,0,0,0,0,7,7,12,8,1,0,1
0,0,0,0,0,0,0,2,0,2,1,0,1
0,0,0,0,0,0,0,0,0,0,0,0,1
0,0,0,0,0,0,3,1,44,0,1,0,1
0,0,0,0,0,0,0,0,0,0,0,0,1
0,0,0,0,0,0,39,0,27,1,2,0,1
0,0,0,0,0,0,0,0,0,0,0,0,1
0,0,0,0,0,0,0,0,0,1,0,0,1
0,0,0,0,0,0,0,1,0,1,0,0,1
0,0,0,0,0,0,2,1,0,2,0,0,1
0,0,0,0,0,0,2,6,1,6,0,0,1
0,0,0,0,0,0,4,6,1,18,2,0,1
0,0,0,0,0,0,13,0,0,2,2,0,1
0,0,0,0,0,0,0,5,0,5,0,0,1
0,0,0,2,0,0,54,36,9,44,4,0,1
0,0,0,3,0,0,35,2,25,2,9,0,1
0,0,0,0,0,0,0,0,0,0,0,0,1
0,0,0,0,0,0,0,4,0,4,0,0,1
0,0,0,0,0,0,0,0,1,3,1,0,1
0,0,0,0,0,0,0,2,0,3,0,0,1
0,0,0,0,0,0,2,1,0,3,0,0,1
0,0,0,0,0,0,23,8,3,3,2,0,1
0,0,0,0,0,0,0,0,0,0,0,0,1
0,0,0,0,0,0,19,18,19,35,26,0,1
0,0,0,0,0,0,0,0,1,0,0,0,1
0,0,0,0,0,0,0,0,0,0,0,0,1
0,0,0,0,0,1,0,1,3,1,1,0,1
0,0,0,0,0,0,0,0,0,0,0,0,1
0,0,0,0,0,0,0,0,0,1,0,0,1
0,0,0,0,0,0,1,2,21,6,11,0,1
0,0,0,0,0,0,0,0,0,0,0,0,1
0,0,0,0,0,0,4,3,0,9,0,0,1
0,0,0,0,0,0,0,0,0,0,0,0,1
0,0,0,0,0,0,0,0,0,0,0,0,1
0,0,0,0,0,0,0,0,0,0,0,0,1
0,0,0,0,0,0,0,1,0,2,0,0,1
0,0,0,0,0,0,2,1,0,0,1,0,1
0,0,0,0,0,0,0,0,0,0,0,0,1
0,0,0,0,0,0,0,0,0,0,0,0,1
0,0,0,0,0,0,0,0,0,0,0,0,1
0,0,0,0,0,0,4,0,0,0,0,0,1
0,0,0,0,0,0,91,11,3,16,0,0,1
0,0,0,0,0,0,2,4,7,5,5,0,1
0,0,0,0,0,0,80,9,0,7,1,0,1
0,0,0,0,0,0,4,0,0,0,0,0,1
0,0,0,0,0,0,4,0,0,0,0,0,1
0,0,0,0,0,0,0,1,4,0,2,0,1
0,0,0,0,0,0,0,0,6,0,2,0,1
0,0,0,0,0,0,0,0,0,3,3,0,1
0,0,0,0,0,0,0,1,1,0,0,0,1
0,0,0,0,0,0,0,0,0,0,0,0,1
0,0,0,0,0,0,0,0,0,0,0,0,1
0,0,0,0,0,0,0,0,0,0,0,0,1
0,0,0,0,0,0,6,0,0,0,0,0,1
0,0,0,0,0,0,1,0,0,0,0,0,1
0,0,0,0,0,0,0,0,0,0,0,0,1
0,0,0,0,0,0,1,0,0,0,0,0,1
0,0,0,0,0,0,0,0,0,0,0,0,1
0,0,0,0,0,0,0,0,0,0,0,0,1
0,0,0,0,0,0,0,12,8,10,2,0,1
0,0,0,0,0,0,0,5,13,9,2,0,1
0,0,0,0,0,0,0,0,0,0,0,0,1
0,0,0,0,0,0,14,1,12,15,1,0,1
0,0,0,0,0,0,0,5,5,2,1,0,1
0,0,0,0,0,0,0,1,42,4,0,0,1
0,0,0,0,0,0,0,0,2,0,0,0,1
0,0,0,0,0,0,0,0,2,0,0,0,1
0,0,0,0,0,0,3,7,0,4,0,0,1
0,0,0,0,0,0,0,1,1,2,1,0,1
0,0,0,0,0,0,13,1,3,3,6,0,1
0,0,0,0,0,0,0,0,0,0,0,0,1
0,0,0,0,0,0,0,1,6,1,1,0,1
0,0,0,0,0,0,0,0,0,0,0,0,1
0,0,0,0,0,0,0,0,0,0,0,0,1
0,0,0,0,0,0,0,0,1,0,0,0,1
0,0,0,0,0,0,0,0,0,1,0,0,1
0,0,0,0,0,0,0,0,1,0,0,0,1
0,0,0,0,0,0,0,0,0,0,0,0,1
0,0,0,0,0,0,0,0,0,0,0,0,1
0,0,0,0,0,0,0,0,3,1,0,0,1
0,0,0,0,0,0,7,5,1,16,7,0,1
0,0,0,0,0,0,9,13,7,14,3,0,1
0,0,0,0,0,0,0,0,1,0,0,0,1
0,0,0,0,0,0,25,14,12,27,0,0,1
0,0,0,0,0,0,0,0,0,4,0,0,1
0,0,0,0,0,0,19,25,0,1,0,0,1
0,0,0,0,0,0,0,2,4,1,2,0,1
0,0,0,0,0,0,58,8,34,0,0,0,1
0,0,0,0,0,0,7,1,0,3,1,0,1
0,0,0,0,0,0,0,0,0,0,0,0,1
0,0,0,0,0,0,18,7,2,20,0,0,1
0,0,0,0,0,0,0,1,1,0,1,0,1
0,0,0,0,0,0,0,0,0,0,0,0,1
0,0,0,0,0,0,2,0,1,0,0,0,1
0,0,0,0,0,0,0,0,0,0,0,0,1
0,0,0,0,1,0,4,2,2,3,0,0,1
0,0,0,0,0,0,0,0,0,0,0,0,1
0,0,0,0,0,0,0,0,2,0,0,0,1
0,0,0,0,0,0,0,0,5,0,0,0,1
0,0,0,0,0,0,0,0,0,0,0,0,1
0,0,0,0,0,0,5,0,0,1,0,0,1
0,0,0,0,0,0,7,1,0,0,0,0,1
0,0,0,0,0,0,0,0,0,0,0,0,1
0,0,0,0,0,0,0,1,1,1,0,0,1
0,0,0,0,0,0,2,5,0,4,0,0,1
0,0,0,0,0,0,0,2,0,2,0,0,1
0,0,0,0,0,0,0,0,0,0,0,0,1
0,0,0,0,0,0,15,8,5,7,14,0,1
0,0,0,0,0,0,6,3,1,5,2,0,1
0,0,0,0,0,0,0,2,0,1,0,0,1
0,0,0,0,0,0,0,0,0,0,0,0,1
0,0,0,0,0,0,24,10,3,46,5,0,1
0,0,0,0,0,0,8,1,2,5,0,0,1
0,0,0,0,0,0,0,0,0,0,0,0,1
0,0,0,0,0,0,0,5,3,6,1,0,1
0,0,0,0,0,0,0,0,1,0,0,0,1
0,0,0,0,0,0,0,0,0,0,0,0,1
0,0,0,0,0,1,0,1,3,3,1,0,1
0,0,0,0,0,0,0,0,0,0,0,0,1
0,0,0,0,0,0,0,0,0,0,0,0,1
5,0,0,0,0,2,110,81,38,138,54,3,1
1,0,0,0,0,0,0,0,0,6,0,0,1
0,0,0,0,0,0,65,51,5,21,2,0,1
0,0,0,0,0,0,11,1,5,10,3,0,1
0,0,1,0,0,0,16,8,26,14,5,0,1
0,0,0,0,0,0,32,9,0,6,1,0,1
0,0,0,0,0,0,0,0,0,0,0,0,1
0,0,0,0,0,0,34,14,1,21,6,0,1
0,0,0,0,0,0,13,18,3,18,2,0,1
0,0,0,0,0,0,0,2,0,2,0,0,1
0,0,0,0,0,0,0,0,0,0,0,0,1
0,0,0,0,0,0,0,0,0,0,0,0,1
0,0,0,0,0,0,8,9,7,5,6,0,1
0,0,0,0,0,0,0,0,2,0,0,0,1
0,0,0,0,0,0,8,0,0,6,0,0,1
0,0,0,0,0,0,3,3,0,6,0,0,1
0,0,0,0,0,0,18,4,12,13,10,0,1
0,0,0,0,0,0,8,1,1,3,3,0,1
0,0,0,0,0,0,0,0,0,0,0,0,1
0,0,0,0,0,0,2,6,0,12,0,0,1
0,0,0,0,0,0,2,3,0,5,0,0,1
0,0,0,0,0,0,19,8,4,3,4,0,1
0,0,0,0,0,0,0,0,0,0,0,0,1
0,0,0,0,0,0,6,13,26,41,33,0,1
0,0,0,0,0,0,3,0,0,3,0,0,1
0,0,0,0,0,0,4,1,12,3,2,0,1
0,0,0,0,0,0,0,0,0,0,0,0,1
0,0,0,0,0,0,0,0,0,0,0,0,1
0,0,0,0,0,0,0,0,0,0,0,0,1
0,0,0,0,0,0,0,2,0,2,2,0,1
0,0,0,0,0,0,6,0,0,3,0,0,1
0,0,0,0,0,0,0,0,0,0,1,0,1
0,0,0,0,0,0,2,0,0,0,0,0,1
0,0,0,0,0,0,0,8,3,9,3,0,1
0,0,0,0,0,0,0,3,0,4,0,0,1
0,0,0,0,0,0,0,0,0,0,1,0,1
0,0,0,0,0,0,0,0,0,1,0,0,1
0,0,0,0,0,0,7,6,0,6,10,0,1
0,0,0,0,0,0,0,0,0,0,0,0,1
0,0,0,0,0,0,2,0,0,0,0,0,1
0,0,0,0,0,0,0,0,1,0,0,0,1
0,0,0,0,0,0,2,0,2,0,2,0,1
0,0,0,0,0,0,2,7,0,7,2,0,1
0,0,0,0,0,0,0,0,0,0,0,0,1
0,0,0,0,0,0,5,4,2,5,0,0,1
0,0,0,0,0,0,12,14,3,19,10,0,1
0,0,0,0,0,0,49,71,5,57,4,0,1
0,0,0,0,0,0,112,30,29,33,61,0,1
0,0,0,0,0,0,87,0,102,2,19,0,1
0,0,0,0,0,0,0,1,0,0,2,0,1
0,0,0,0,0,0,3,0,0,0,0,0,1
0,0,0,0,0,0,2,0,0,0,0,0,1
0,0,0,0,0,0,0,0,0,0,0,0,1
0,0,0,0,0,0,4,3,0,2,0,0,1
0,0,0,0,0,0,2,0,0,0,0,0,1
0,0,0,0,0,0,3,21,1,15,2,0,1
0,0,0,0,0,0,0,0,0,0,0,0,1
0,0,0,0,0,0,7,3,1,9,0,0,1
0,0,0,0,0,0,0,0,0,0,0,0,1
0,0,0,0,0,0,0,0,0,0,0,0,1
0,0,0,0,0,0,2,0,0,2,0,0,1
0,0,0,0,0,0,0,0,0,1,0,0,1
0,0,0,0,0,0,0,1,0,0,0,0,1
0,0,0,0,0,0,13,6,5,18,0,0,1
0,0,0,0,0,0,0,0,0,0,0,0,1
0,0,0,0,0,0,1,0,0,0,0,0,1
0,0,0,0,0,0,4,3,0,2,1,0,1
0,0,0,0,0,0,5,3,2,1,2,0,1
0,0,0,0,0,0,0,0,0,0,0,0,1
0,0,0,0,0,0,0,0,0,0,0,0,1
0,0,0,0,0,0,0,0,0,0,0,0,1
0,0,0,0,0,0,0,5,2,3,0,0,1
0,0,0,0,0,0,0,0,8,2,2,0,1
0,0,0,0,0,0,0,0,0,0,0,0,1
0,0,0,0,0,0,0,8,3,5,2,0,1
0,0,0,0,0,0,0,0,2,8,0,0,1
0,0,0,0,0,0,0,0,0,0,0,0,1
0,0,0,0,0,1,5,3,0,7,0,0,1
0,0,0,0,0,0,6,1,0,2,0,0,1
0,0,0,0,0,0,0,9,7,2,0,0,1
0,0,0,0,0,0,29,0,8,3,0,0,1
0,0,0,0,0,0,0,0,0,0,0,0,1
0,0,0,0,0,0,0,0,0,0,0,0,1
0,0,0,0,0,0,0,0,0,9,2,0,1
0,0,0,0,0,0,0,0,0,0,0,0,1
0,0,0,0,0,0,10,1,1,1,0,0,1
0,0,0,0,0,0,12,2,0,1,1,0,1
0,0,0,0,0,0,3,6,0,6,1,0,1
0,0,0,0,0,0,0,0,0,0,0,0,1
0,0,0,0,0,0,9,3,1,6,0,0,1
0,0,0,0,0,0,2,0,0,0,0,0,1
0,0,0,0,0,0,2,0,0,0,0,0,1
0,0,0,0,0,0,0,2,0,0,0,0,1
0,0,0,0,0,0,9,6,0,6,1,0,1
0,0,0,0,0,0,4,5,0,5,17,0,1
0,0,0,0,0,0,0,0,2,0,0,0,1
0,0,0,0,0,0,9,0,1,14,1,0,1
0,0,0,0,0,1,4,2,0,6,2,0,1
0,0,0,0,0,0,7,11,0,16,2,0,1
0,0,0,0,0,0,2,3,2,2,0,0,1
0,0,0,0,0,0,0,5,10,4,0,0,1
0,0,0,0,0,0,15,1,2,6,1,0,1
0,0,0,0,0,0,0,0,0,0,0,0,1
0,0,0,0,0,0,0,0,0,0,0,0,1
0,0,0,0,0,0,0,0,0,2,1,0,1
0,0,0,0,0,0,0,0,0,1,0,0,1
0,0,0,0,0,0,0,0,0,0,0,0,1
0,0,0,0,0,0,2,0,0,0,0,0,1
0,0,0,0,0,0,0,3,3,3,2,0,1
0,0,0,0,0,0,0,0,4,0,0,0,1
0,0,0,0,0,0,10,5,2,9,1,0,1
0,0,0,0,0,0,0,0,0,1,0,0,1
0,0,0,0,0,0,13,1,0,0,0,0,1
3,5,0,0,0,0,79,70,127,122,56,5,1
0,0,0,0,0,0,6,0,0,2,1,0,1
0,0,0,0,0,0,0,0,0,0,0,0,1
0,0,0,0,0,0,0,1,1,0,0,0,1
0,0,0,0,0,0,85,6,0,42,1,0,1
0,0,0,0,0,0,0,1,0,2,0,0,1
0,0,0,0,0,0,2,1,0,0,0,0,1
0,0,0,0,0,0,0,0,0,0,0,0,1
0,0,0,0,0,0,4,5,2,2,1,0,1
0,0,0,0,0,0,0,0,0,2,0,0,1
0,0,0,0,0,0,2,1,0,3,0,0,1
0,0,0,0,0,0,0,0,0,0,0,0,1
0,0,0,0,0,0,4,0,2,2,1,0,1
0,0,0,0,0,0,1,0,0,0,0,0,1
0,0,0,0,0,0,4,1,27,0,0,0,1
0,0,0,0,0,0,0,1,0,2,0,0,1
0,0,0,0,0,0,0,7,3,3,2,0,1
0,0,0,0,0,0,0,0,0,4,0,0,1
0,0,0,0,0,0,0,0,33,17,4,0,1
0,0,0,0,0,0,10,2,3,2,1,0,1
0,0,0,0,0,0,0,2,7,0,0,0,1
0,0,0,0,0,0,5,3,5,6,2,0,1
0,0,0,0,0,0,0,2,0,1,0,0,1
0,0,0,0,0,0,4,1,5,2,1,0,1
0,0,0,0,0,0,29,14,4,26,17,0,1
0,0,0,0,0,0,5,2,0,6,1,0,1
0,0,0,0,0,0,0,0,0,0,0,0,1
1,0,0,0,0,0,0,1,0,3,0,0,1
0,0,0,0,0,0,11,3,1,4,0,0,1
0,0,0,0,0,0,0,0,0,0,0,0,1
0,0,0,0,0,0,0,2,1,8,0,0,1
0,0,0,0,0,0,28,2,39,19,4,0,1
0,0,0,0,0,0,0,3,0,8,0,0,1
0,0,0,0,0,0,0,0,3,0,0,0,1
0,0,0,0,0,0,2,2,0,0,0,0,1
0,0,0,0,0,0,5,0,0,1,0,0,1
1,0,0,0,0,0,0,1,0,4,0,0,1
0,0,0,0,0,0,4,2,5,3,1,0,1
0,0,0,0,0,0,2,1,3,0,0,0,1
0,0,0,0,0,0,0,6,3,12,1,0,1
0,0,0,0,0,0,0,1,0,3,0,0,1
0,0,0,0,0,0,0,0,0,0,0,0,1
0,0,0,0,0,0,0,1,8,0,0,0,1
0,0,0,0,0,0,28,26,5,50,7,0,1
0,0,0,0,0,0,0,4,1,6,3,0,1
0,0,0,0,0,0,0,4,0,4,0,0,1
0,0,0,0,0,0,0,1,4,5,2,0,1
0,0,0,0,0,0,0,0,2,0,0,0,1
0,0,0,0,0,0,7,4,0,4,0,0,1
0,0,0,0,0,0,0,0,0,0,0,0,1
0,0,0,0,0,0,23,3,0,4,0,0,1
0,0,0,0,0,0,0,0,0,0,0,0,1
0,0,0,0,0,0,4,5,0,11,4,0,1
0,0,0,0,0,0,7,10,11,16,0,0,1
0,0,0,0,0,0,0,0,0,0,0,0,1
0,0,0,0,0,0,16,3,0,12,1,0,1
0,0,0,0,0,0,0,2,0,1,2,0,1
0,0,0,0,0,0,10,9,1,12,4,0,1
0,0,0,0,0,0,4,4,0,3,0,0,1
0,0,0,0,0,0,3,1,0,5,0,0,1
0,0,0,0,0,0,2,1,1,3,1,0,1
0,0,0,0,0,0,5,1,1,7,4,0,1
0,0,0,0,0,0,35,8,1,23,7,0,1
0,0,0,0,0,0,8,3,2,3,0,0,1
0,0,0,0,0,0,0,0,0,0,0,0,1
0,0,0,0,0,0,7,0,2,2,1,0,1
0,0,0,0,0,0,0,0,0,0,0,0,1
0,0,0,0,0,0,1,0,0,0,0,0,1
0,0,0,0,0,0,14,13,3,14,1,0,1
0,0,0,0,0,0,0,0,0,0,0,0,1
0,0,0,0,0,0,0,0,0,0,0,0,1
0,0,0,0,0,0,0,0,0,0,0,0,1
0,0,0,0,0,0,0,0,0,0,0,0,1
0,0,0,0,0,0,0,0,2,1,0,0,1
0,0,0,0,0,0,2,6,4,3,2,0,1
1,0,0,0,0,0,10,4,2,3,2,0,1
0,0,0,0,0,0,0,0,0,0,0,0,1
0,0,0,0,0,0,77,30,22,15,28,0,1
0,0,0,0,0,0,0,5,1,1,1,0,1
0,0,0,0,0,0,3,0,0,0,0,0,1
0,0,0,0,0,0,3,0,0,0,0,0,1
0,0,0,0,0,0,5,0,0,1,0,0,1
0,0,0,0,0,0,98,20,28,30,9,0,1
0,0,0,0,0,0,0,1,0,0,0,0,1
0,0,0,0,0,0,0,0,0,0,0,0,1
0,0,0,0,0,0,0,0,1,0,0,0,1
0,0,0,0,0,0,0,0,1,0,0,0,1
5,0,0,0,2,0,38,61,33,78,15,0,1
2,0,1,0,0,0,45,10,189,64,12,0,1
0,0,0,0,0,0,3,4,9,2,2,0,1
0,0,0,0,0,0,9,6,1,6,1,0,1
0,0,0,0,0,0,2,2,2,3,5,0,1
0,0,0,0,0,0,4,2,1,3,0,0,1
0,0,0,0,0,0,0,0,0,0,0,0,1
0,0,0,0,0,0,0,1,0,0,0,0,1
0,0,0,0,0,0,0,2,0,5,0,0,1
0,0,0,0,0,0,14,4,0,6,0,0,1
0,0,0,0,0,0,0,1,0,2,0,0,1
0,0,0,0,0,0,3,1,0,0,0,0,1
0,0,0,0,0,0,0,0,0,0,0,0,1
0,0,0,0,0,0,23,10,5,9,0,0,1
0,0,0,0,0,0,39,0,15,0,1,0,1
0,0,0,0,0,0,9,5,0,8,0,0,1
0,0,0,0,0,0,1,0,0,0,0,0,1
0,0,0,0,0,0,7,7,0,6,0,0,1
1,0,0,0,0,0,13,4,6,15,2,0,1
0,1,0,0,0,0,5,6,1,9,3,0,1
0,0,0,0,0,0,0,0,0,0,0,0,1
0,0,0,0,0,0,0,0,0,0,0,0,1
0,0,0,0,0,0,25,10,0,5,0,0,1
0,0,0,0,0,0,0,0,1,0,1,0,1
0,0,0,0,0,0,7,10,0,19,1,0,1
0,0,0,0,0,0,0,0,0,0,0,0,1
0,0,0,0,0,2,25,34,2,16,6,0,1
1,0,0,0,0,0,0,0,0,3,0,0,1
0,0,0,0,0,0,2,0,8,0,0,0,1
0,0,0,0,0,0,0,0,0,0,0,0,1
0,0,0,0,0,0,0,0,5,0,2,0,1
0,0,0,0,0,0,31,2,2,6,1,0,1
0,0,0,0,0,0,0,2,12,0,0,0,1
0,0,0,0,0,0,1,0,1,2,0,0,1
0,0,0,0,0,1,0,6,0,7,0,0,1
0,0,0,0,0,0,4,1,1,2,0,0,1
0,0,0,0,0,0,0,0,0,1,0,0,1
0,0,0,0,0,0,0,0,0,0,0,0,1
0,0,0,0,0,0,0,0,0,0,0,0,1
0,0,0,0,0,0,0,0,0,0,0,0,1
0,0,0,0,0,0,0,0,0,0,0,0,1
0,0,0,0,0,0,0,0,0,0,0,0,1
0,0,0,0,0,0,0,0,0,0,0,0,1
0,0,0,0,0,0,0,0,0,0,0,0,1
0,0,0,0,0,0,0,0,0,0,0,0,1
0,0,0,0,0,0,0,0,0,0,0,0,1
0,0,0,0,0,0,0,0,0,0,0,0,1
0,0,0,0,0,0,0,1,0,1,0,0,1
0,0,0,0,0,0,4,3,0,2,0,0,1
0,0,0,0,0,0,2,4,1,8,0,0,1
0,0,0,0,0,0,0,0,2,0,1,0,1
1,0,0,0,0,0,4,11,1,4,2,0,1
0,0,0,0,0,0,4,1,7,4,1,0,1
0,0,0,0,0,0,5,2,2,4,1,0,1
0,0,0,0,0,0,0,5,1,5,0,0,1
0,0,0,0,0,0,2,2,0,1,0,0,1
0,0,0,0,0,0,34,29,0,10,2,0,1
0,0,0,0,0,0,41,6,0,8,0,0,1
0,0,0,0,0,0,3,0,8,2,2,0,1
0,0,0,0,0,0,0,0,0,5,0,0,1
0,0,0,0,0,0,4,0,7,3,1,0,1
0,0,0,0,0,0,0,0,5,0,0,0,1
0,0,0,0,0,0,6,8,2,6,0,0,1
0,0,0,0,0,0,6,0,3,0,0,0,1
0,0,0,0,0,0,0,1,0,1,1,0,1
0,0,0,0,0,0,7,2,1,2,0,0,1
0,0,0,0,0,0,0,2,0,1,1,0,1
0,0,0,0,0,0,0,0,0,0,0,0,1
0,0,0,0,0,0,8,10,22,21,7,0,1
0,0,0,0,0,0,0,1,0,0,0,0,1
0,0,0,0,0,0,0,0,0,1,0,0,1
0,0,0,0,0,0,5,0,5,15,4,0,1
0,0,0,0,0,0,0,1,1,0,1,0,1
0,0,0,0,0,0,0,0,0,0,0,0,1
1,0,0,0,0,0,1,2,1,3,1,0,1
0,0,0,0,0,0,0,18,27,7,2,0,1
0,0,0,0,0,0,0,0,0,0,0,0,1
0,0,0,0,0,0,8,7,18,19,13,0,1
0,0,0,0,0,0,7,3,2,3,0,0,1
0,0,0,0,0,0,0,0,0,0,0,0,1
3,0,0,0,0,0,27,14,0,8,1,0,1
1,0,0,0,0,0,22,19,1,19,8,0,1
0,0,0,0,0,0,4,0,4,2,0,0,1
0,0,0,0,0,0,0,1,0,1,2,0,1
0,0,0,0,0,0,2,0,2,0,0,0,1
0,0,0,0,0,0,2,1,3,5,1,0,1
0,0,0,0,0,0,0,0,1,0,0,0,1
0,0,0,0,0,0,2,7,0,10,2,0,1
0,0,0,0,0,0,2,0,0,0,0,0,1
0,0,0,0,0,0,2,0,0,0,0,0,1
0,0,0,0,0,0,0,0,0,0,0,0,1
0,0,0,0,0,0,0,1,0,1,0,0,1
0,0,0,0,0,0,6,0,0,0,0,0,1
0,0,0,0,0,0,7,3,8,2,0,0,1
0,0,0,0,0,0,0,0,0,0,0,0,1
0,0,0,0,0,0,0,0,0,0,0,0,1
0,0,0,0,0,0,0,3,4,3,0,0,1
0,0,0,0,0,0,0,0,0,0,0,0,1
1,0,0,0,0,0,0,28,2,74,28,0,1
0,0,0,0,0,0,3,6,0,33,1,0,1
0,0,0,0,0,0,0,0,0,0,0,0,1
0,0,0,0,0,0,10,0,103,1,0,0,1
0,0,0,0,0,0,0,22,5,10,2,0,1
0,0,0,0,0,0,0,0,4,18,0,0,1
0,0,0,0,0,0,0,2,48,22,60,0,1
0,0,0,0,0,0,0,0,0,0,0,0,1
0,0,0,0,0,0,0,0,0,0,0,0,1
0,0,0,0,0,0,0,0,0,1,0,0,1
0,0,0,0,0,0,2,0,0,0,0,0,1
0,0,0,0,0,0,0,3,0,3,0,0,1
0,0,0,0,0,0,0,0,0,0,0,0,1
0,0,0,0,0,0,2,0,0,0,0,0,1
0,0,0,0,0,0,0,3,0,0,0,0,1
0,0,0,0,0,0,0,5,1,4,0,0,1
0,0,0,0,0,0,29,1,27,5,2,0,1
0,0,0,0,0,0,0,0,0,0,0,0,1
2,0,0,0,0,0,59,21,2,29,3,0,1
0,0,0,0,0,0,2,0,6,1,4,0,1
0,0,0,0,0,0,0,2,4,2,0,0,1
0,0,0,0,0,0,0,0,0,0,0,0,1
0,0,0,0,0,0,9,0,33,0,0,0,1
0,0,0,0,0,0,7,3,0,2,0,0,1
0,0,0,0,0,0,0,0,1,0,0,0,1
0,0,0,0,0,0,0,0,0,2,0,0,1
0,0,0,0,0,1,0,1,0,1,1,0,1
0,0,0,0,0,0,0,0,0,5,2,0,1
0,0,0,0,0,0,0,0,0,0,0,0,1
0,0,0,0,0,0,0,0,0,1,0,0,1
0,0,0,0,0,0,7,22,3,18,3,0,1
0,0,0,0,0,0,0,1,0,1,0,0,1
0,0,0,0,0,0,7,0,14,8,3,0,1
0,0,0,0,0,0,0,0,2,0,0,0,1
0,0,0,0,0,0,0,1,0,1,0,0,1
2,0,0,0,0,0,8,7,7,11,3,0,1
0,0,0,0,0,0,0,0,1,0,0,0,1
0,0,0,0,0,0,0,0,2,1,0,0,1
0,0,0,0,0,0,5,2,4,4,3,0,1
0,0,0,0,0,0,0,4,0,0,0,0,1
0,0,0,0,0,0,54,43,21,53,14,0,1
0,0,0,0,0,0,0,0,0,0,0,0,1
0,0,0,0,0,0,0,0,1,0,0,0,1
0,0,0,0,0,0,2,3,0,2,0,0,1
0,0,0,0,0,0,0,0,0,9,0,0,1
0,0,0,0,0,0,0,6,3,7,1,0,1
0,0,0,0,0,0,4,0,27,2,5,0,1
0,0,0,0,0,3,51,8,9,17,1,0,1
0,0,0,0,0,0,0,0,0,0,0,0,1
0,0,0,0,0,0,7,1,0,3,0,0,1
0,0,0,0,0,0,0,3,1,2,0,0,1
0,0,0,0,0,0,23,2,15,12,0,0,1
0,0,0,0,0,1,7,7,0,2,0,0,1
0,0,0,0,0,0,0,0,0,0,0,0,1
0,0,0,0,0,0,0,0,0,0,0,0,1
0,0,0,0,0,0,0,0,0,0,0,0,1
0,0,0,0,0,0,5,19,15,0,9,0,1
0,0,0,0,0,0,0,0,0,0,0,0,1
0,0,0,0,0,0,0,0,0,0,0,0,1
0,0,0,0,0,0,0,0,0,0,0,0,1
0,0,0,0,0,0,0,2,0,3,1,0,1
0,2,0,0,0,0,32,8,7,11,16,0,1
0,0,0,0,0,0,0,0,4,0,0,0,1
0,0,0,0,0,0,0,0,0,0,0,0,1
0,0,0,0,0,0,0,2,1,5,0,0,1
0,0,0,0,0,0,0,0,1,1,0,0,1
0,0,0,0,0,0,0,1,0,3,0,0,1
0,0,0,0,0,0,0,2,0,5,3,0,1
0,0,0,0,0,0,0,0,0,0,0,0,1
0,0,0,0,0,0,0,0,0,0,0,0,1
0,0,0,0,0,0,0,0,0,0,0,0,1
0,0,0,0,0,0,0,0,0,0,0,0,1
0,0,0,0,0,0,0,1,1,3,3,0,1
0,0,0,0,0,0,76,28,4,23,7,0,1
0,0,0,0,0,0,0,0,0,0,0,0,1
0,0,0,0,0,0,0,0,0,0,0,0,1
0,0,0,0,0,0,22,3,0,13,2,0,1
0,0,0,0,0,0,2,0,12,3,0,0,1
0,0,0,0,0,0,0,0,0,0,0,0,1
0,0,0,0,0,0,0,0,1,0,0,0,1
0,0,0,0,0,0,0,0,0,0,0,0,1
0,0,0,0,0,0,0,0,0,0,0,0,1
0,0,0,0,0,0,0,0,0,0,0,0,1
0,0,0,0,0,0,0,0,0,0,0,0,1
0,0,0,0,0,0,0,0,0,0,0,0,1
0,0,0,0,0,0,0,2,6,8,0,0,1
0,0,0,0,0,0,0,2,1,1,0,0,1
0,0,0,0,0,0,4,0,0,0,0,0,1
0,0,0,0,0,0,13,8,0,15,3,0,1
0,0,0,0,0,3,23,0,11,14,2,0,1
0,0,0,0,0,0,0,0,0,3,0,0,1
0,0,0,0,0,0,0,0,0,0,0,0,1
0,0,0,0,0,0,0,0,0,0,0,0,1
0,0,0,0,0,0,41,22,2,39,14,0,1
0,0,0,0,0,0,20,55,12,37,17,0,1
0,0,0,0,0,0,43,0,64,10,3,0,1
1,0,0,2,0,0,11,5,59,1,4,0,1
0,0,0,0,0,0,35,0,33,1,0,0,1
0,0,0,0,0,0,4,5,1,9,4,0,1
0,0,0,0,0,0,2,0,0,0,0,0,1
0,0,0,0,0,0,37,0,13,0,0,0,1
0,0,0,0,0,0,0,0,0,0,0,0,1
0,0,0,0,0,0,11,13,2,14,3,0,1
0,0,0,0,0,0,0,0,0,0,0,0,1
0,0,0,1,0,0,9,4,63,2,1,0,1
0,0,0,0,0,0,7,1,94,0,10,0,1
0,0,0,0,0,0,0,15,4,15,9,0,1
0,0,0,0,0,0,0,1,39,3,3,0,1
0,0,0,0,0,0,17,3,0,0,0,0,1
0,0,0,0,0,0,0,1,1,0,0,0,1
0,0,0,0,0,0,31,47,6,20,1,0,1
0,0,0,0,0,0,0,0,0,0,0,0,1
0,0,0,0,0,0,0,0,0,0,0,0,1
0,0,0,0,0,0,0,0,0,0,0,0,1
0,0,0,0,0,0,0,2,0,1,0,0,1
0,0,0,0,0,0,4,0,0,0,0,0,1
0,0,0,0,0,0,17,2,31,7,2,0,1
0,0,0,0,0,0,0,9,2,16,1,0,1
0,0,0,0,0,0,0,5,0,4,2,0,1
0,0,0,0,0,0,0,0,0,0,0,0,1
0,0,0,0,0,0,9,2,0,5,0,0,1
1,0,0,0,0,0,272,84,4,164,25,0,1
0,0,0,0,0,0,0,1,0,1,1,0,1
0,0,0,0,0,0,4,1,0,3,0,0,1
0,0,0,0,0,0,0,0,0,0,0,0,1
0,0,0,0,0,0,0,3,0,1,0,0,1
0,0,0,0,0,0,0,0,2,0,0,0,1
0,0,0,0,0,0,11,3,0,8,3,0,1
0,0,0,0,0,0,0,0,1,1,0,0,1
0,0,0,0,0,0,7,12,1,20,2,0,1
0,0,0,0,0,0,0,1,4,0,0,0,1
0,0,0,0,0,0,21,19,28,17,6,0,1
0,0,0,0,0,0,0,0,0,0,0,0,1
0,0,0,0,0,0,9,1,9,1,1,0,1
0,0,0,0,0,0,0,1,1,1,0,0,1
0,0,0,0,0,0,0,0,0,0,0,0,1
0,0,0,0,0,0,0,0,0,0,0,0,1
0,0,0,0,0,0,0,0,0,0,0,0,1
0,0,0,0,0,0,0,0,0,0,0,0,1
0,0,0,0,0,0,0,0,0,0,0,0,1
0,0,0,0,0,0,38,0,10,6,2,0,1
0,0,0,0,0,0,0,0,0,0,0,0,1
0,0,0,0,0,0,0,0,0,0,0,0,1
0,0,0,0,0,0,0,9,10,13,10,0,1
0,0,0,0,0,0,0,3,1,4,2,0,1
0,0,0,0,0,0,0,0,0,0,0,0,1
0,0,0,0,0,0,0,6,1,8,1,0,1
0,0,0,0,0,1,11,2,6,3,0,0,1
0,0,0,0,0,0,0,0,0,0,0,0,1
0,0,0,0,0,0,0,1,0,1,0,0,1
0,0,0,0,0,0,0,0,2,3,0,0,1
0,0,0,0,0,0,0,1,3,0,0,0,1
0,0,0,0,0,0,0,0,0,0,0,0,1
0,0,0,0,0,0,0,0,0,1,0,0,1
0,0,0,0,0,0,2,0,0,0,0,0,1
0,0,0,0,0,0,0,0,0,0,0,0,1
0,0,0,0,0,0,0,0,0,0,0,0,1
0,0,0,0,0,0,0,1,0,0,0,0,1
0,0,0,0,0,0,0,1,0,4,0,0,1
0,0,0,0,0,0,0,0,0,0,0,0,1
0,0,0,0,0,0,0,0,0,0,0,0,1
0,0,0,0,0,0,0,0,3,2,2,0,1
0,0,0,0,0,0,11,0,5,9,4,0,1
0,0,0,0,0,0,0,1,1,9,0,0,1
0,0,0,0,0,0,2,7,2,14,5,0,1
0,0,0,0,0,0,0,0,0,0,0,0,1
0,0,0,0,0,0,0,0,3,3,2,0,1
0,0,0,0,0,0,0,0,0,9,0,0,1
0,0,0,0,0,0,0,3,3,2,0,0,1
0,0,0,0,0,0,0,3,8,0,0,0,1
0,0,0,0,0,0,0,1,1,2,0,0,1
0,0,0,0,0,0,0,2,1,1,0,0,1
0,0,0,0,0,0,0,2,2,1,0,0,1
0,0,0,0,0,0,8,1,1,3,1,0,1
0,0,0,0,0,0,7,1,2,2,0,0,1
1,0,0,0,0,0,65,30,2,35,5,0,1
0,0,0,0,0,0,2,0,0,0,0,0,1
0,0,0,0,0,0,0,0,0,0,0,0,1
0,0,0,0,0,0,0,1,0,2,0,0,1
1,0,0,0,0,0,0,1,0,8,0,0,1
0,0,0,0,0,0,0,2,1,1,0,0,1
0,0,0,0,0,0,0,16,0,10,1,0,1
0,0,0,0,0,0,10,0,18,0,4,0,1
0,0,0,0,0,0,0,0,0,1,2,0,1
0,0,0,0,0,0,0,0,1,0,0,0,1
0,0,0,0,0,0,0,0,57,0,0,0,1
0,0,1,0,0,0,88,39,7,43,15,0,1
0,0,0,0,0,0,66,1,25,6,1,0,1
0,0,0,0,0,0,0,0,2,0,0,0,1
0,0,0,0,0,0,0,0,0,5,0,0,1
0,0,0,0,0,0,0,2,2,1,0,0,1
0,0,0,0,0,0,2,0,0,0,0,0,1
0,0,0,0,0,0,1,0,0,0,0,0,1
0,0,0,0,0,0,1,0,0,0,0,0,1
0,0,0,0,0,0,1,0,0,0,0,0,1
0,0,0,0,0,0,1,2,0,0,0,0,1
0,0,0,0,0,0,1,0,1,0,0,0,1
0,0,0,0,0,0,1,0,0,0,0,0,1
0,0,0,0,0,0,1,0,1,0,0,0,1
0,0,0,0,0,0,2,1,0,0,0,0,1
